game_id,drive,drive_end_yard_line,game_seconds_remaining,yardline_100,drive_game_clock_end,down,ydstogo,drive_ended_with_score,drive_play_id_ended,fixed_drive_result
2000_01_NYJ_GB,21,NYJ 35,120,53,1:04,1,10,0,3856,Turnover
2000_01_TB_NE,28,TB 22,113,45,0:00,1,10,0,4055,Turnover on downs
2000_01_TEN_BUF,30,BUF 42,23,51,0:00,1,10,0,4334,Missed field goal
2000_02_MIA_MIN,23,MIN 2,82,51,1:02,1,10,1,3520,Touchdown
2000_03_BUF_NYJ,24,NYJ 47,39,47,0:26,1,10,0,3920,Turnover
2000_03_DAL_WAS,26,WAS 48,6,52,0:00,1,10,0,3905,End of half
2000_03_MIN_NE,21,MIN 14,119,49,0:54,1,10,0,3772,Turnover on downs
2000_04_DET_CHI,31,DET 33,46,52,0:16,1,10,0,4293,Turnover on downs
2000_04_TEN_PIT,26,TEN 32,70,54,0:18,1,10,0,3952,Missed field goal
2000_05_CHI_GB,28,CHI 44,33,53,0:07,1,10,0,3886,Turnover on downs
2000_05_CHI_GB,28,CHI 44,29,48,0:07,1,10,0,3886,Turnover on downs
2000_05_IND_BUF,19,BUF 27,51,54,0:00,1,10,1,3869,NA
2000_05_MIN_DET,25,MIN 1,68,45,0:03,1,10,1,4046,Touchdown
2000_05_NYG_TEN,22,TEN 47,43,47,0:22,1,10,0,3765,Turnover
2000_05_SEA_KC,23,SEA 46,34,54,0:21,1,10,0,3978,Turnover
2000_05_TB_WAS,29,WAS 24,24,48,0:00,1,10,1,4121,Field goal
2000_06_DEN_SD,28,DEN 19,75,49,0:00,1,10,0,4126,End of half
2000_06_IND_NE,20,NE 17,62,47,0:36,1,10,1,3847,Field goal
2000_06_TB_MIN,22,MIN 43,40,47,0:00,1,10,0,3675,Turnover on downs
2000_06_TEN_CIN,26,TEN 28,110,50,0:40,1,10,0,3611,Missed field goal
2000_07_ATL_STL,23,LA 36,39,48,0:00,1,10,0,3889,End of half
2000_07_DAL_NYG,24,NYG 22,93,50,0:00,1,10,0,3893,End of half
2000_07_SD_BUF,30,LAC 11,120,46,0:07,1,10,1,4425,Field goal
2000_08_BUF_MIN,22,MIN 42,14,55,0:00,1,10,0,4072,End of half
2000_08_CHI_PHI,25,CHI 47,1,53,0:00,1,10,0,3966,End of half
2000_09_CAR_ATL,23,CAR 40,16,54,0:00,1,10,0,3776,Turnover
2000_09_DET_IND,32,IND 24,59,50,0:00,1,10,0,4070,End of half
2000_09_OAK_SD,21,50,5,50,0:00,1,10,0,3807,Turnover
2000_10_BUF_NE,25,NE 30,92,52,0:04,1,10,1,3747,Field goal
2000_10_DAL_PHI,22,DAL 17,84,55,0:11,1,10,1,4057,Field goal
2000_11_BAL_TEN,23,BAL 25,13,45,0:00,1,10,0,3972,Missed field goal
2000_11_MIA_SD,24,MIA 27,48,46,0:03,1,10,0,3793,Turnover
2000_11_NYJ_IND,19,IND 28,120,55,0:52,1,10,0,3639,Turnover on downs
2000_11_OAK_DEN,24,LV 23,41,45,0:00,1,10,1,4138,NA
2000_11_PHI_PIT,27,PIT 24,93,55,0:00,1,10,1,4573,Field goal
2000_11_SEA_JAX,21,SEA 1,76,51,0:00,1,10,0,3910,End of half
2000_12_BUF_KC,22,BUF 42,58,55,0:00,1,10,0,4093,End of half
2000_12_CLE_TEN,24,TEN 42,120,46,1:24,1,10,0,3474,Turnover on downs
2000_12_DET_NYG,26,NYG 48,14,52,0:00,1,10,0,4262,End of half
2000_13_BUF_TB,25,TB 41,69,48,0:21,1,10,0,4081,Turnover
2000_13_DEN_SEA,29,DEN 40,93,53,0:40,1,10,0,4143,Turnover on downs
2000_13_MIA_IND,21,MIA 42,47,55,0:00,1,10,0,3740,Missed field goal
2000_13_NO_STL,25,LA 45,4,55,0:00,1,10,0,4303,End of half
2000_14_DET_MIN,23,MIN 40,120,50,0:13,1,10,1,3497,Touchdown
2000_14_NYG_WAS,25,NYG 30,94,49,0:50,1,10,0,3629,Missed field goal
2000_14_OAK_PIT,23,PIT 41,20,50,0:02,1,10,0,3674,Turnover on downs
2000_14_TEN_PHI,23,PHI 32,67,50,0:00,1,10,1,3874,Field goal
2000_15_PHI_CLE,23,PHI 16,118,52,0:43,1,10,0,3747,Turnover
2000_15_TB_MIA,23,TB 30,117,50,0:14,1,10,0,3600,Turnover
2000_16_DEN_KC,23,KC 39,33,52,0:00,1,10,0,3628,End of half
2000_16_OAK_SEA,27,SEA 45,19,45,0:12,1,10,0,3954,Turnover
2000_17_JAX_NYG,27,NYG 12,102,51,0:19,1,10,1,3565,Touchdown
2001_01_MIA_TEN,29,50,3,50,0:00,1,10,0,4121,End of half
2001_02_MIN_CHI,23,CHI 49,106,49,1:04,1,10,0,3876,Turnover on downs
2001_02_NYJ_NE,22,NYJ 29,47,49,0:00,1,10,0,3779,Turnover on downs
2001_02_TEN_JAX,24,TEN 42,99,55,1:01,1,10,0,3737,Turnover on downs
2001_03_TB_MIN,15,TB 8,116,51,1:03,1,10,1,3256,Touchdown
2001_03_TB_MIN,16,MIN 18,42,53,0:10,1,10,0,3433,Turnover
2001_04_GB_TB,20,TB 18,86,45,0:00,1,10,0,3248,Turnover on downs
2001_04_KC_DEN,22,DEN 48,120,48,1:46,1,10,0,3453,Turnover
2001_04_NYJ_BUF,25,NYJ 6,120,51,0:07,1,10,1,4443,Touchdown
2001_04_SD_CLE,25,CLE 45,14,45,0:00,1,10,0,3777,End of half
2001_05_DET_MIN,19,MIN 46,15,46,0:00,1,10,0,3992,End of half
2001_05_MIA_NYJ,19,MIA 44,46,53,0:28,1,10,0,3362,Turnover
2001_05_NO_CAR,30,CAR 1,70,55,0:00,1,10,1,4217,Touchdown
2001_05_NYG_STL,26,LA 39,90,46,1:03,1,10,0,3989,Turnover
2001_05_OAK_IND,23,IND 46,60,54,0:55,1,10,0,4125,Turnover
2001_05_SD_NE,20,LAC 3,90,45,0:36,1,10,1,4072,Touchdown
2001_05_SF_ATL,21,ATL 17,96,53,0:17,1,10,1,3606,Touchdown
2001_05_TB_TEN,20,TEN 5,86,50,0:54,1,10,1,3948,Touchdown
2001_06_ATL_NO,24,ATL 13,113,49,0:26,1,10,1,3597,Field goal
2001_06_BAL_CLE,26,CLE 30,91,48,0:23,1,10,0,3961,Turnover on downs
2001_06_TEN_DET,25,TEN 36,120,49,1:18,1,10,1,4166,Touchdown
2001_07_BUF_SD,22,LAC 26,54,50,0:07,1,10,0,3941,Missed field goal
2001_08_CLE_CHI,23,CLE 9,94,53,0:28,1,10,1,4130,Touchdown
2001_08_CLE_CHI,24,CLE 34,24,47,0:00,1,10,1,4268,Touchdown
2001_08_IND_BUF,27,IND 38,35,45,0:00,1,10,0,4200,End of half
2001_08_KC_SD,24,KC 41,30,47,0:00,1,10,0,3918,End of half
2001_08_NYJ_NO,25,NYJ 20,111,54,0:48,1,10,0,3615,Turnover on downs
2001_08_NYJ_NO,25,NYJ 20,101,49,0:48,1,10,0,3615,Turnover on downs
2001_08_TB_GB,27,TB 49,24,50,0:00,1,10,0,3806,End of half
2001_09_BAL_TEN,26,BAL 1,89,52,0:00,1,10,0,4182,Turnover on downs
2001_09_DAL_ATL,20,ATL 46,17,46,0:08,1,10,0,3310,Turnover
2001_09_MIA_IND,28,IND 37,95,52,0:26,1,10,0,3788,Turnover on downs
2001_09_OAK_SEA,21,SEA 47,36,47,0:00,1,10,0,3852,End of half
2001_10_ATL_GB,24,ATL 45,83,45,1:08,1,10,0,3765,Turnover
2001_10_CHI_TB,30,CHI 31,11,54,0:00,1,10,0,4045,Missed field goal
2001_10_CLE_BAL,25,CLE 43,26,49,0:00,1,10,0,3903,Turnover on downs
2001_10_DET_ARI,26,50,11,50,0:00,1,10,0,4474,End of half
2001_10_JAX_PIT,25,PIT 45,34,45,0:31,1,10,0,3816,Turnover
2001_10_SF_CAR,26,CAR 7,87,52,0:01,1,10,1,4144,Touchdown
2001_10_TEN_CIN,25,TEN 13,61,52,0:00,1,10,0,4002,Turnover on downs
2001_11_BAL_JAX,24,JAX 3,62,49,0:09,1,10,1,4127,Touchdown
2001_12_ARI_OAK,24,50,92,50,1:18,1,10,1,3833,Touchdown
2001_12_ARI_OAK,25,ARI 2,47,46,0:12,1,10,1,4095,Touchdown
2001_12_CAR_NO,25,CAR 47,33,47,0:00,1,10,0,4009,Turnover
2001_12_IND_BAL,33,BAL 17,70,54,0:00,1,10,0,4213,End of half
2001_12_TB_CIN,19,TB 6,120,51,0:08,1,10,1,3943,Touchdown
2001_13_NYJ_PIT,17,PIT 12,114,49,0:50,1,10,0,3521,Turnover on downs
2001_14_ARI_NYG,23,50,18,55,0:00,1,10,0,3911,End of half
2001_14_ATL_IND,25,IND 48,100,48,1:26,1,10,0,3982,Turnover
2001_15_BUF_ATL,20,ATL 3,90,55,0:48,1,10,1,3736,Touchdown
2001_15_STL_CAR,25,LA 29,111,55,0:27,1,10,1,3912,Field goal
2001_15_TEN_OAK,22,TEN 24,55,48,0:06,1,10,0,3871,Missed field goal
2001_16_BUF_NYJ,20,BUF 17,47,50,0:00,1,10,0,3840,End of half
2001_16_OAK_DEN,22,DEN 17,63,50,0:00,1,10,0,3819,Turnover
2001_17_NYJ_OAK,24,LV 35,86,49,0:59,1,10,1,3554,Field goal
2001_18_NYJ_OAK,19,LV 1,58,54,0:00,1,10,0,3609,End of half
2001_21_STL_NE,22,NE 26,111,55,1:30,1,10,1,3685,Touchdown
2002_01_KC_CLE,23,CLE 12,5,53,0:00,1,10,1,3861,Field goal
2002_02_ARI_SEA,23,ARI 26,12,45,0:00,1,10,0,4079,End of half
2002_02_BUF_MIN,23,MIN 36,15,52,0:00,1,10,1,4303,Field goal
2002_02_CHI_ATL,24,CHI 28,120,54,0:56,1,10,0,3658,Missed field goal
2002_02_CIN_CLE,21,CIN 37,100,53,0:09,1,10,0,4030,Turnover
2002_02_MIA_IND,20,MIA 6,82,52,0:00,1,10,0,3832,End of half
2002_02_TEN_DAL,22,DAL 42,108,50,0:58,1,10,0,3816,Turnover on downs
2002_03_GB_DET,25,DET 48,112,52,1:37,1,10,1,3942,Touchdown
2002_03_GB_DET,27,GB 34,59,48,0:30,1,10,0,4290,Turnover
2002_03_SD_ARI,23,ARI 38,35,54,0:00,1,10,0,3802,End of half
2002_04_NE_SD,20,NE 45,33,45,0:08,1,10,0,3695,Turnover
2002_04_NYG_ARI,22,NYG 48,87,52,1:11,1,10,0,3880,Turnover on downs
2002_05_CIN_IND,24,IND 35,48,47,0:23,1,10,0,3770,Turnover
2002_05_KC_NYJ,19,NYJ 19,89,48,0:27,1,10,1,3665,Touchdown
2002_05_NE_MIA,21,MIA 19,45,48,0:03,1,10,0,3547,Turnover on downs
2002_05_TB_ATL,23,TB 36,20,51,0:00,1,10,0,3584,Turnover
2002_06_CLE_TB,24,TB 31,55,48,0:00,1,10,0,3794,End of half
2002_06_KC_SD,26,KC 47,10,53,0:00,1,10,0,3854,Turnover
2002_07_CHI_DET,23,CHI 6,112,51,0:02,1,10,1,4020,Field goal
2002_07_SF_NO,18,NO 39,29,52,0:00,1,10,0,3896,End of half
2002_08_ATL_NO,22,NO 29,66,53,0:00,1,10,1,4139,Field goal
2002_08_CLE_NYJ,22,CLE 26,93,50,0:16,1,10,0,3837,Missed field goal
2002_08_HOU_JAX,27,JAX 48,57,45,0:00,1,10,0,3876,Turnover on downs
2002_08_OAK_KC,19,KC 9,71,54,0:00,1,10,0,3779,End of half
2002_09_PHI_CHI,23,PHI 33,120,48,0:11,1,10,0,4549,Turnover on downs
2002_10_ATL_PIT,25,PIT 11,115,50,0:42,1,10,1,4191,Touchdown
2002_10_HOU_TEN,24,HOU 40,112,54,1:11,1,10,0,3393,Turnover
2002_10_KC_SF,16,SF 37,110,49,1:07,1,10,0,3435,Turnover on downs
2002_10_MIA_NYJ,20,NYJ 47,113,45,0:56,1,10,0,3528,Turnover on downs
2002_10_NO_CAR,27,CAR 7,109,53,0:31,1,10,1,4145,Touchdown
2002_10_SD_STL,22,LA 30,65,46,0:11,1,10,0,3810,Turnover
2002_11_CLE_CIN,22,50,18,50,0:00,1,10,0,3900,End of half
2002_12_DET_CHI,24,DET 4,116,47,0:00,1,10,1,4389,Field goal
2002_12_GB_TB,26,TB 20,56,45,0:00,1,10,0,3661,End of half
2002_12_NYG_HOU,28,HOU 46,5,46,0:00,1,10,0,4201,End of half
2002_12_STL_WAS,16,WAS 6,96,50,0:11,1,10,0,3822,Turnover
2002_13_CHI_GB,24,GB 45,19,45,0:10,1,10,1,3676,Touchdown
2002_13_TEN_NYG,18,NYG 9,65,54,0:09,1,10,1,3824,Touchdown
2002_14_CLE_JAX,24,50,47,53,0:00,1,10,1,3652,Touchdown
2002_14_NYG_WAS,26,WAS 46,18,54,0:00,1,10,0,4435,End of half
2002_14_SF_DAL,29,DAL 8,105,52,0:12,1,10,1,4715,Touchdown
2002_15_JAX_CIN,20,JAX 49,120,55,1:39,1,10,0,3642,Turnover
2002_15_SD_BUF,27,BUF 37,44,50,0:00,1,10,0,4412,End of half
2002_16_CLE_BAL,17,BAL 1,101,55,0:29,1,10,1,3402,Touchdown
2002_16_SD_KC,26,50,61,50,0:33,1,10,0,3842,Turnover
2002_17_BAL_PIT,21,PIT 11,103,48,0:14,1,10,0,3795,Turnover
2002_17_JAX_IND,17,IND 38,98,51,0:00,1,10,0,3558,Turnover on downs
2002_18_CLE_PIT,29,PIT 45,8,45,0:00,1,10,0,4510,End of half
2002_18_NYG_SF,25,SF 23,60,52,0:00,1,10,0,4304,End of half
2003_01_HOU_MIA,27,MIA 45,18,55,0:00,1,10,0,4068,Turnover
2003_01_JAX_CAR,27,CAR 37,4,49,0:00,1,10,0,4095,Missed field goal
2003_02_MIA_NYJ,19,MIA 41,55,53,0:00,1,10,0,3585,End of half
2003_03_BUF_MIA,24,MIA 24,54,53,0:00,1,10,0,3636,End of half
2003_03_CLE_SF,17,SF 11,99,52,0:29,1,10,1,3678,Touchdown
2003_03_NYG_WAS,23,NYG 15,113,51,0:13,1,10,1,4497,Field goal
2003_04_CIN_CLE,19,CIN 45,60,45,0:51,1,10,0,3755,Turnover
2003_04_KC_BAL,24,KC 44,66,55,0:29,1,10,0,3609,Turnover
2003_04_KC_BAL,24,KC 44,44,45,0:29,1,10,0,3609,Turnover
2003_04_NE_WAS,22,WAS 38,99,45,0:37,1,10,0,3844,Turnover on downs
2003_04_PHI_BUF,19,BUF 48,117,54,1:03,1,10,0,4293,Turnover on downs
2003_05_MIN_ATL,32,MIN 46,10,46,0:00,1,10,0,4066,End of half
2003_05_SD_JAX,22,JAX 13,78,49,0:20,1,10,1,3961,Touchdown
2003_05_TEN_NE,23,NE 23,60,55,0:36,1,10,1,4180,Field goal
2003_05_WAS_PHI,26,PHI 32,38,45,0:13,1,10,1,4172,Touchdown
2003_06_BAL_ARI,20,BAL 12,54,46,0:15,1,10,1,3856,Touchdown
2003_06_CAR_IND,24,CAR 25,97,51,0:45,1,10,1,3588,Touchdown
2003_06_OAK_CLE,17,CLE 24,79,47,0:23,1,10,0,3770,Turnover on downs
2003_06_PHI_DAL,25,PHI 48,59,52,0:48,1,10,0,3930,Turnover
2003_08_CLE_NE,20,CLE 45,60,55,0:51,1,10,0,3644,Turnover
2003_08_HOU_IND,20,HOU 40,3,55,0:00,1,10,0,3551,Turnover
2003_08_NYJ_PHI,19,PHI 42,22,53,0:00,1,10,0,3488,End of half
2003_08_SEA_CIN,21,CIN 35,120,54,1:46,1,10,0,3963,Turnover
2003_09_GB_MIN,19,GB 1,100,51,0:33,1,10,1,3576,Touchdown
2003_09_GB_MIN,19,GB 1,86,46,0:33,1,10,1,3576,Touchdown
2003_09_JAX_BAL,25,BAL 31,77,46,0:44,1,10,0,3764,Turnover
2003_09_SD_CHI,20,CHI 46,8,53,0:00,1,10,0,3762,End of half
2003_10_BAL_STL,34,LA 44,40,48,0:14,1,10,0,4153,Turnover
2003_10_IND_JAX,21,JAX 38,39,54,0:11,1,10,0,3887,Turnover
2003_10_PHI_GB,25,GB 6,120,54,0:27,1,10,1,3504,Touchdown
2003_10_PHI_GB,26,PHI 42,15,50,0:01,1,10,0,3618,Turnover
2003_10_SEA_WAS,21,WAS 35,84,51,0:39,1,10,0,3715,Turnover
2003_11_DAL_NE,23,NE 19,83,52,0:00,1,10,0,3799,Turnover
2003_11_GB_TB,27,TB 49,17,51,0:00,1,10,0,3646,Turnover
2003_11_PIT_SF,24,SF 27,114,55,1:06,1,10,0,3868,Turnover on downs
2003_11_STL_CHI,27,CHI 13,120,46,0:38,1,10,1,4510,Field goal
2003_11_STL_CHI,28,LA 40,31,55,0:00,1,10,0,4635,Turnover on downs
2003_12_CHI_DEN,21,CHI 31,21,51,0:00,1,10,0,3958,End of half
2003_12_PIT_CLE,25,PIT 49,120,54,1:41,1,10,0,3837,Turnover
2003_12_STL_ARI,23,ARI 6,68,50,0:00,1,10,1,4088,Field goal
2003_13_CIN_PIT,19,PIT 18,57,52,0:13,1,10,1,3970,Touchdown
2003_13_GB_DET,26,GB 47,98,48,1:03,1,10,0,3605,Turnover
2003_13_GB_DET,28,GB 40,10,55,0:00,1,10,0,3857,End of half
2003_13_KC_SD,24,KC 18,36,47,0:00,1,10,1,3738,Touchdown
2003_14_CHI_GB,29,GB 32,67,55,0:17,1,10,0,4108,Turnover on downs
2003_14_SD_DET,23,LAC 33,78,48,0:03,1,10,0,3902,Turnover on downs
2003_15_MIN_CHI,19,CHI 10,120,45,1:02,1,10,0,3868,Turnover
2003_15_PHI_MIA,22,PHI 32,68,53,0:14,1,10,1,3869,Field goal
2003_15_SEA_STL,22,LA 34,66,54,0:00,1,10,0,3882,Turnover on downs
2003_16_NE_NYJ,23,NYJ 45,56,55,0:35,1,10,0,3586,Turnover
2003_16_TEN_HOU,25,HOU 23,66,55,0:17,1,10,1,4023,Touchdown
2003_19_GB_PHI,23,GB 19,52,46,0:05,1,10,1,3851,Field goal
2003_21_CAR_NE,25,NE 12,116,45,1:08,1,10,1,4262,Touchdown
2004_01_CIN_NYJ,18,CIN 49,120,51,1:51,1,10,0,3373,Turnover
2004_01_DET_CHI,28,DET 12,107,47,0:18,1,10,0,4384,Turnover
2004_01_GB_CAR,20,50,24,50,0:00,1,10,0,3742,End of half
2004_01_NYG_PHI,22,PHI 19,73,46,0:00,1,10,0,4136,End of half
2004_02_DEN_JAX,21,JAX 23,96,55,0:37,1,10,0,3698,Turnover
2004_02_IND_TEN,19,IND 19,113,48,0:25,1,10,0,3781,Turnover
2004_02_SEA_TB,26,SEA 26,113,55,1:03,1,10,0,3544,Turnover
2004_02_SEA_TB,26,SEA 26,109,46,1:03,1,10,0,3544,Turnover
2004_03_GB_IND,24,IND 28,65,45,0:23,1,10,0,4249,Turnover
2004_03_NO_STL,19,NO 19,81,48,0:28,1,10,1,3735,Touchdown
2004_04_NE_BUF,21,NE 27,94,50,0:00,1,10,0,4391,Turnover on downs
2004_05_BUF_NYJ,20,BUF 48,15,52,0:00,1,10,0,3725,Turnover
2004_05_DET_ATL,23,DET 26,119,47,0:45,1,10,0,3869,Turnover
2004_05_NYG_DAL,21,NYG 44,115,53,1:38,1,10,0,3934,Turnover
2004_06_KC_JAX,19,KC 14,114,55,0:45,1,10,1,3506,Touchdown
2004_06_SEA_NE,22,NE 1,66,52,0:00,1,10,0,4174,End of half
2004_06_WAS_CHI,26,CHI 46,64,49,0:13,1,10,0,4026,Turnover
2004_07_JAX_IND,20,IND 49,1,51,0:00,1,10,0,3891,End of half
2004_07_SEA_ARI,28,SEA 45,86,55,1:20,1,10,0,4015,Turnover
2004_08_ATL_DEN,23,ATL 36,53,45,0:00,1,10,0,4270,End of half
2004_08_BAL_PHI,23,PHI 48,78,48,1:02,1,10,0,3936,Turnover on downs
2004_08_CIN_TEN,21,TEN 9,97,55,0:24,1,10,0,3952,Turnover
2004_08_CIN_TEN,21,TEN 9,92,50,0:24,1,10,0,3952,Turnover
2004_08_GB_WAS,25,GB 33,66,54,0:00,1,10,0,4088,End of half
2004_10_SEA_STL,22,LA 47,26,55,0:00,1,10,0,3901,End of half
2004_11_ATL_NYG,21,ATL 42,77,49,0:45,1,10,0,3880,Turnover on downs
2004_12_NO_ATL,23,NO 20,116,47,1:22,1,10,1,3677,Touchdown
2004_12_NYJ_ARI,21,ARI 46,4,54,0:00,1,10,0,4054,Turnover
2004_12_OAK_DEN,30,LV 24,81,52,0:17,1,10,0,3798,Missed field goal
2004_12_TB_CAR,21,CAR 49,5,49,0:00,1,10,0,3670,End of half
2004_13_DAL_SEA,24,SEA 34,120,45,1:45,1,10,1,3955,Touchdown
2004_13_DAL_SEA,26,DAL 47,7,47,0:00,1,10,0,4288,End of half
2004_13_DEN_SD,28,LAC 46,20,46,0:00,1,10,0,4109,End of half
2004_13_KC_OAK,19,LV 45,76,46,0:49,1,10,0,3741,Turnover on downs
2004_14_IND_HOU,18,HOU 45,78,46,0:38,1,10,0,3837,Turnover on downs
2004_14_KC_TEN,27,TEN 9,53,48,0:32,1,10,1,4436,Touchdown
2004_14_NO_DAL,26,NO 44,120,49,1:40,1,10,0,4280,Turnover
2004_15_JAX_GB,25,JAX 6,119,54,1:08,1,10,1,3902,Touchdown
2004_15_MIN_DET,22,MIN 1,52,53,0:08,1,10,1,3905,Touchdown
2004_15_NO_TB,24,TB 49,13,51,0:00,1,10,0,3558,Turnover
2004_16_NYG_CIN,21,CIN 47,36,47,0:28,1,10,0,3891,Turnover
2004_16_PHI_STL,19,LA 45,2,45,0:00,1,10,0,3878,End of half
2004_16_SD_IND,20,LAC 21,120,55,0:56,1,10,1,3877,Touchdown
2004_16_WAS_DAL,20,WAS 39,45,46,0:30,1,10,1,3836,Touchdown
2004_17_MIN_WAS,19,WAS 38,62,54,0:02,1,10,1,3587,Touchdown
2004_18_STL_SEA,20,LA 5,119,45,0:21,1,10,0,3904,Turnover on downs
2005_01_PHI_ATL,26,PHI 49,115,51,1:33,1,10,0,3867,Turnover on downs
2005_02_CLE_GB,19,CLE 4,57,46,0:04,1,10,1,3911,Touchdown
2005_03_TEN_STL,26,LA 28,92,53,0:29,1,10,0,3874,Turnover on downs
2005_04_BUF_NO,21,BUF 48,44,52,0:34,1,10,0,3676,Turnover
2005_04_DET_TB,22,TB 12,95,45,0:00,1,10,0,3692,Turnover on downs
2005_04_GB_CAR,25,CAR 41,99,48,1:03,1,10,0,4024,Turnover on downs
2005_05_CIN_JAX,24,JAX 45,92,45,1:16,1,10,0,3825,Turnover
2005_05_MIA_BUF,23,MIA 46,21,47,0:00,1,10,0,4501,End of half
2005_06_CAR_DET,28,DET 49,24,51,0:04,1,10,0,3888,Turnover on downs
2005_06_CIN_TEN,22,CIN 29,59,47,0:32,1,10,1,3712,Field goal
2005_06_NYG_DAL,24,DAL 24,52,52,0:19,1,10,1,3769,Touchdown
2005_06_WAS_KC,21,KC 33,82,48,0:08,1,10,0,3857,Turnover on downs
2005_08_GB_CIN,22,CIN 30,48,47,0:00,1,10,0,3685,End of half
2005_08_JAX_STL,23,LA 45,101,45,1:21,1,10,0,3391,Turnover on downs
2005_09_DET_MIN,24,MIN 25,120,45,0:07,1,10,0,3843,Turnover
2005_09_HOU_JAX,19,JAX 42,113,53,0:35,1,10,0,3562,Turnover on downs
2005_09_OAK_KC,23,LV 1,27,50,0:00,1,10,1,4183,Touchdown
2005_09_SEA_ARI,21,ARI 41,63,54,0:47,1,10,0,4223,Turnover
2005_10_DAL_PHI,26,DAL 42,24,51,0:00,1,10,0,4010,Missed field goal
2005_10_STL_SEA,21,SEA 22,39,46,0:00,1,10,0,3781,End of half
2005_10_WAS_TB,23,WAS 30,112,54,0:58,1,10,1,3646,Touchdown
2005_11_ARI_STL,22,ARI 48,33,52,0:00,1,10,0,4102,End of half
2005_11_JAX_TEN,25,JAX 8,64,49,0:10,1,10,1,3862,Touchdown
2005_11_NO_NE,20,NE 22,69,55,0:00,1,10,0,4045,Turnover
2005_11_OAK_WAS,23,LV 43,64,51,0:05,1,10,0,4102,Turnover
2005_11_PHI_NYG,24,NYG 19,77,48,0:19,1,10,0,3964,Missed field goal
2005_12_CAR_BUF,15,CAR 43,114,54,0:41,1,10,0,3746,Turnover
2005_12_GB_PHI,28,50,64,45,0:38,1,10,0,3975,Turnover
2005_12_JAX_ARI,22,JAX 36,60,52,0:23,1,10,0,4329,Turnover
2005_12_MIA_OAK,27,MIA 48,11,48,0:00,1,10,0,4451,End of half
2005_12_NO_NYJ,18,NO 34,97,54,0:10,1,10,0,3625,Missed field goal
2005_12_SF_TEN,29,TEN 31,72,55,0:05,1,10,0,4056,Turnover
2005_12_STL_HOU,18,HOU 43,68,47,0:26,1,10,1,3850,Touchdown
2005_12_STL_HOU,19,HOU 29,23,48,0:04,1,10,1,3943,Field goal
2005_13_GB_CHI,28,CHI 14,80,50,0:00,1,10,0,4558,End of half
2005_13_HOU_BAL,25,HOU 20,33,45,0:06,1,10,1,4586,Field goal
2005_13_MIN_DET,20,MIN 46,64,46,0:52,1,10,0,3608,Turnover
2005_14_OAK_NYJ,20,NYJ 49,68,52,0:00,1,10,0,3919,Turnover
2005_14_STL_MIN,29,MIN 42,110,53,1:02,1,10,0,3881,Turnover
2005_15_ATL_CHI,26,CHI 46,26,54,0:00,1,10,0,3988,End of half
2005_16_BUF_CIN,20,CIN 49,23,55,0:00,1,10,0,3895,End of half
2005_16_MIN_BAL,20,BAL 28,52,49,0:15,1,10,1,3731,Field goal
2005_16_PHI_ARI,30,ARI 1,105,49,0:26,1,10,1,4617,Touchdown
2005_17_BAL_CLE,28,BAL 41,92,49,0:58,1,10,0,4226,Turnover
2005_17_NO_TB,21,NO 46,120,54,1:43,1,10,0,3600,Opp touchdown
2005_17_STL_DAL,26,LA 49,49,54,0:11,1,10,0,4277,Turnover
2005_18_WAS_TB,23,TB 46,65,54,0:57,1,10,0,3346,Turnover
2006_01_ATL_CAR,23,ATL 33,97,49,0:13,1,10,0,4034,Turnover on downs
2006_01_IND_NYG,18,NYG 46,17,49,0:00,1,10,0,4000,End of half
2006_01_NO_CLE,22,NO 45,117,50,1:36,1,10,0,3859,Turnover
2006_01_NO_CLE,22,NO 45,103,45,1:36,1,10,0,3859,Turnover
2006_01_NYJ_TEN,25,NYJ 8,114,50,0:35,1,10,0,4404,Turnover on downs
2006_01_SF_ARI,24,ARI 26,96,55,0:32,1,10,1,4679,Field goal
2006_02_NE_NYJ,21,NYJ 45,26,55,0:05,1,10,0,4187,Turnover
2006_02_TB_ATL,21,ATL 12,87,54,0:00,1,10,0,4336,End of half
2006_03_BAL_CLE,23,CLE 33,85,55,0:20,1,10,1,3891,Field goal
2006_03_CAR_TB,24,TB 29,67,45,0:02,1,10,1,3929,Field goal
2006_03_CIN_PIT,24,CIN 16,73,47,0:10,1,10,0,4131,Turnover
2006_03_GB_DET,24,50,39,54,0:00,1,10,0,4238,Turnover on downs
2006_04_IND_NYJ,19,NYJ 1,115,50,0:50,1,10,1,4105,Touchdown
2006_04_JAX_WAS,26,WAS 23,78,52,0:06,1,10,1,4086,Field goal
2006_04_SD_BAL,26,BAL 49,3,49,0:00,1,10,0,4175,End of half
2006_05_BAL_DEN,20,DEN 34,60,45,0:36,1,10,0,3489,Turnover
2006_05_CLE_CAR,27,CAR 15,60,47,0:05,1,10,1,4265,Field goal
2006_05_DAL_PHI,30,PHI 6,117,55,0:16,1,10,0,4412,Opp touchdown
2006_05_DET_MIN,22,DET 49,116,51,1:31,1,10,0,3755,Opp touchdown
2006_05_DET_MIN,23,50,45,54,0:23,1,10,0,3971,Turnover
2006_05_TEN_IND,21,TEN 45,2,55,0:00,1,10,0,3839,End of half
2006_06_CHI_ARI,30,CHI 23,120,50,0:47,1,10,0,5034,Missed field goal
2006_06_CIN_TB,24,TB 44,22,53,0:00,1,10,0,4587,Missed field goal
2006_06_MIA_NYJ,23,NYJ 32,93,51,0:28,1,10,0,4160,Missed field goal
2006_06_NYG_ATL,24,NYG 22,54,45,0:00,1,10,0,4052,End of half
2006_06_SEA_STL,24,LA 36,60,50,0:00,1,10,1,4328,Field goal
2006_07_GB_MIA,27,GB 20,53,45,0:00,1,10,0,4892,End of half
2006_07_PHI_TB,20,PHI 44,15,53,0:00,1,10,1,3907,Field goal
2006_08_NYJ_CLE,23,CLE 24,116,47,0:59,1,10,0,3597,Turnover on downs
2006_09_ATL_DET,22,DET 10,120,53,0:00,1,10,0,4141,Turnover
2006_09_DEN_PIT,25,DEN 48,28,48,0:09,1,10,0,4315,Turnover
2006_10_BAL_TEN,26,BAL 24,82,48,0:33,1,10,0,4343,Missed field goal
2006_10_GB_MIN,25,GB 16,116,55,0:58,1,10,1,4004,Field goal
2006_10_NO_PIT,22,PIT 45,89,45,0:39,1,10,0,4180,Turnover
2006_10_NYJ_NE,20,NYJ 46,10,46,0:00,1,10,0,4045,End of half
2006_10_SD_CIN,26,LAC 15,120,49,0:44,1,10,0,4553,Turnover on downs
2006_11_BUF_HOU,23,HOU 15,104,55,0:09,1,10,1,3842,Touchdown
2006_11_BUF_HOU,23,HOU 15,59,45,0:09,1,10,1,3842,Touchdown
2006_11_CHI_NYJ,21,NYJ 39,35,55,0:08,1,10,0,3951,Turnover on downs
2006_11_CIN_NO,25,CIN 30,97,49,0:00,1,10,0,4056,End of half
2006_11_OAK_KC,16,KC 8,42,47,0:26,1,10,0,3775,Turnover
2006_11_SD_DEN,21,LAC 32,34,51,0:00,1,10,0,3862,End of half
2006_11_WAS_TB,19,TB 4,97,49,0:32,1,10,1,3643,Touchdown
2006_12_ARI_MIN,22,MIN 9,109,53,0:39,1,10,1,4323,Touchdown
2006_12_GB_SEA,28,SEA 45,52,46,0:00,1,10,0,4600,Turnover
2006_13_ARI_STL,22,ARI 38,32,46,0:00,1,10,0,4294,Turnover
2006_14_MIN_DET,23,MIN 27,110,51,1:01,1,10,0,3983,Turnover
2006_15_DAL_ATL,22,ATL 48,54,52,0:38,1,10,0,3940,Turnover
2006_15_NYJ_MIN,24,NYJ 37,8,46,0:00,1,10,0,4217,End of half
2006_15_PHI_NYG,23,PHI 16,80,49,0:00,1,10,0,4180,End of half
2006_16_CHI_DET,25,CHI 22,87,52,0:00,1,10,0,4906,End of half
2006_16_NE_JAX,21,JAX 45,115,55,1:46,1,10,0,3944,Turnover
2006_16_SD_SEA,29,SEA 37,88,49,0:29,1,10,1,4584,Touchdown
2006_18_DAL_SEA,26,50,2,50,0:00,1,10,0,4254,End of half
2006_20_NE_IND,24,IND 45,24,45,0:16,1,10,0,4538,Turnover
2007_01_ARI_SF,23,ARI 1,120,54,0:22,1,10,1,4074,Touchdown
2007_01_CAR_STL,23,CAR 44,30,54,0:00,1,10,0,4178,End of half
2007_01_DEN_BUF,19,BUF 24,68,51,0:00,1,10,1,4284,Field goal
2007_02_CIN_CLE,27,50,33,50,0:20,1,10,0,4678,Turnover
2007_02_HOU_CAR,25,HOU 32,72,55,0:00,1,10,0,4181,End of half
2007_02_IND_TEN,20,IND 47,31,53,0:00,1,10,0,3958,Turnover
2007_02_SF_STL,24,SF 38,75,45,0:58,1,10,0,3699,Missed field goal
2007_03_JAX_DEN,19,DEN 45,108,55,1:40,1,10,0,3457,Turnover
2007_03_SD_GB,21,GB 26,46,55,0:20,1,10,1,4069,Field goal
2007_04_GB_MIN,23,GB 34,100,54,1:06,1,10,0,4281,Turnover
2007_04_NYJ_BUF,17,BUF 39,21,50,0:06,1,10,0,3969,Turnover
2007_05_ARI_STL,25,ARI 29,120,53,0:13,1,10,1,4700,Touchdown
2007_05_DAL_BUF,24,BUF 35,18,47,0:00,1,10,1,4644,Field goal
2007_06_CAR_ARI,30,ARI 47,5,53,0:00,1,10,0,4795,End of half
2007_06_CIN_KC,28,KC 18,70,51,0:18,1,10,1,4559,Field goal
2007_06_OAK_SD,21,LAC 37,68,50,0:00,1,10,0,3767,End of half
2007_07_TEN_HOU,29,HOU 47,69,53,0:57,1,10,1,4406,Touchdown
2007_08_CLE_STL,18,CLE 46,45,51,0:38,1,10,0,3872,Turnover
2007_08_DET_CHI,23,DET 24,116,49,0:45,1,10,0,4351,Turnover
2007_08_JAX_TB,27,JAX 45,47,45,0:19,1,10,0,4120,Turnover
2007_09_CIN_BUF,21,BUF 14,101,45,0:11,1,10,0,4355,Turnover
2007_09_SEA_CLE,20,CLE 4,88,50,0:00,1,10,1,4397,Field goal
2007_10_BUF_MIA,20,MIA 49,41,55,0:19,1,10,0,3831,Turnover on downs
2007_10_CHI_OAK,27,CHI 35,25,49,0:00,1,10,0,4065,Turnover
2007_10_CLE_PIT,25,PIT 35,41,51,0:06,1,10,0,4277,Missed field goal
2007_10_DAL_NYG,22,NYG 39,40,53,0:00,1,10,0,3973,Turnover
2007_10_DEN_KC,24,DEN 3,90,49,0:31,1,10,0,4397,Turnover on downs
2007_10_PHI_WAS,21,WAS 40,120,55,1:22,1,10,0,4338,Turnover on downs
2007_10_STL_NO,20,LA 7,101,47,0:32,1,10,1,3735,Touchdown
2007_11_ARI_CIN,24,ARI 46,69,52,0:33,1,10,0,4447,Turnover
2007_11_CAR_GB,23,GB 43,95,49,0:50,1,10,0,3939,Turnover on downs
2007_11_NO_HOU,23,HOU 25,57,53,0:00,1,10,0,3996,End of half
2007_11_NYG_DET,25,NYG 43,62,46,0:48,1,10,0,4050,Turnover
2007_11_OAK_MIN,28,MIN 41,38,54,0:00,1,10,0,4370,End of half
2007_11_PIT_NYJ,21,PIT 10,95,53,0:23,1,10,1,3946,Field goal
2007_11_PIT_NYJ,21,PIT 10,90,45,0:23,1,10,1,3946,Field goal
2007_11_WAS_DAL,21,DAL 50,16,50,0:00,1,10,0,4477,End of half
2007_12_WAS_TB,24,TB 16,67,49,0:17,1,10,0,4092,Turnover
2007_13_ATL_STL,28,ATL 48,105,52,1:31,1,10,0,4200,Turnover
2007_13_CLE_ARI,21,ARI 37,42,47,0:00,1,10,0,4371,Turnover on downs
2007_13_NE_BAL,23,BAL 45,13,55,0:00,1,10,0,4225,End of half
2007_13_SD_KC,27,LAC 45,108,55,1:04,1,10,0,4129,Turnover on downs
2007_14_CLE_NYJ,22,CLE 17,44,49,0:32,1,10,1,4089,Field goal
2007_14_DAL_DET,18,DET 16,45,47,0:18,1,10,1,4179,Touchdown
2007_14_NYG_PHI,24,NYG 39,26,52,0:01,1,10,0,3962,Missed field goal
2007_14_TB_HOU,24,HOU 20,119,47,0:30,1,10,0,3775,Turnover on downs
2007_15_BAL_MIA,19,MIA 1,116,47,0:08,1,10,1,4054,Field goal
2007_15_BUF_CLE,21,CLE 10,77,50,0:03,1,10,0,3731,Turnover on downs
2007_15_CHI_MIN,28,CHI 45,120,55,1:38,1,10,0,3951,Turnover
2007_15_JAX_PIT,23,JAX 45,73,48,0:41,1,10,0,3887,Turnover on downs
2007_15_NYJ_NE,21,NYJ 43,28,52,0:00,1,10,0,4120,Turnover on downs
2007_15_SEA_CAR,20,CAR 43,115,51,1:38,1,10,0,3572,Turnover
2007_16_ATL_ARI,24,ATL 11,74,55,0:00,1,10,1,4839,Field goal
2007_16_CLE_CIN,25,CIN 29,45,55,0:00,1,10,0,4054,End of half
2007_17_NO_CHI,29,CHI 11,96,52,0:07,1,10,1,4715,Touchdown
2007_19_NYG_DAL,17,NYG 23,110,48,0:09,1,10,0,3760,Turnover
2008_01_CAR_SD,21,LAC 14,120,48,0:00,1,10,1,4020,Touchdown
2008_01_MIN_GB,19,MIN 45,68,55,0:54,1,10,0,4049,Turnover
2008_01_NYJ_MIA,23,NYJ 18,58,50,0:05,1,10,0,3833,Turnover
2008_01_WAS_NYG,20,NYG 32,65,47,0:00,1,10,0,3802,End of half
2008_02_OAK_KC,24,KC 48,12,52,0:00,1,10,0,4093,End of half
2008_02_PHI_DAL,24,PHI 42,118,51,0:37,1,10,0,4247,Turnover on downs
2008_03_CIN_NYG,18,NYG 3,94,54,0:00,1,10,1,4128,Field goal
2008_03_DAL_GB,23,GB 39,37,49,0:10,1,10,0,4176,Turnover on downs
2008_03_JAX_IND,16,IND 33,19,50,0:04,1,10,1,3642,Field goal
2008_03_TB_CHI,25,CHI 1,64,50,0:07,1,10,1,4427,Touchdown
2008_04_DEN_KC,26,DEN 46,11,54,0:00,1,10,0,4316,End of half
2008_04_HOU_JAX,15,JAX 29,36,53,0:01,1,10,1,3629,Field goal
2008_04_SD_OAK,29,LAC 43,14,50,0:00,1,10,0,4147,End of half
2008_04_SF_NO,22,NO 49,0,49,0:00,1,10,0,4169,End of half
2008_05_CIN_DAL,23,CIN 49,70,52,0:18,1,10,0,4074,Turnover on downs
2008_05_NE_SF,25,SF 44,120,55,1:21,1,10,0,4167,Turnover on downs
2008_06_PHI_SF,22,50,48,50,0:38,1,10,0,4105,Opp touchdown
2008_07_CLE_WAS,24,WAS 36,105,53,0:25,1,10,0,4050,Missed field goal
2008_07_CLE_WAS,24,WAS 36,100,48,0:25,1,10,0,4050,Missed field goal
2008_08_KC_NYJ,23,NYJ 31,45,50,0:17,1,10,0,4123,Turnover on downs
2008_08_SD_NO,22,50,1,50,0:00,1,10,0,4805,End of half
2008_08_STL_NE,21,NE 38,120,50,1:08,1,10,0,3819,Turnover
2008_08_TB_DAL,21,DAL 18,117,48,0:13,1,10,0,4188,Turnover on downs
2008_09_DET_CHI,29,CHI 32,43,55,0:00,1,10,0,4766,End of half
2008_09_DET_CHI,29,CHI 32,36,45,0:00,1,10,0,4766,End of half
2008_09_TB_KC,23,KC 24,110,50,0:19,1,10,1,4127,Touchdown
2008_10_CAR_OAK,34,CAR 40,86,54,0:09,1,10,0,4412,Missed field goal
2008_10_SEA_MIA,19,MIA 49,37,49,0:18,1,10,0,3930,Turnover on downs
2008_11_HOU_IND,17,HOU 48,44,52,0:32,1,10,0,3910,Turnover
2008_13_CAR_GB,23,GB 1,108,55,1:30,1,10,1,3737,Touchdown
2008_13_IND_CLE,17,CLE 35,76,55,0:45,1,10,0,3390,Turnover
2008_13_MIA_STL,20,LA 47,47,53,0:35,1,10,0,4001,Turnover
2008_14_PHI_NYG,18,PHI 1,96,49,0:15,1,10,1,3858,Touchdown
2008_15_BUF_NYJ,24,BUF 49,11,51,0:00,1,10,0,3934,Turnover
2008_15_PIT_BAL,24,PIT 38,43,53,0:08,1,10,0,4073,Turnover
2008_15_SD_KC,25,LAC 32,31,54,0:00,1,10,0,4291,Missed field goal
2008_16_ATL_MIN,20,MIN 41,96,54,0:56,1,10,0,4014,Turnover on downs
2008_16_IND_JAX,17,IND 7,76,45,0:00,1,10,0,3928,End of half
2008_16_NYJ_SEA,21,SEA 45,83,45,1:16,1,10,0,3558,Turnover
2008_16_PHI_WAS,23,WAS 18,74,50,0:00,1,10,0,4018,End of half
2008_16_PIT_TEN,23,TEN 42,89,55,0:16,1,10,0,3942,Opp touchdown
2008_16_SF_STL,25,LA 48,91,48,1:22,1,10,1,3965,Touchdown
2008_16_SF_STL,26,SF 48,25,45,0:16,1,10,0,4207,Turnover
2008_17_NE_BUF,17,NE 44,64,51,0:00,1,10,0,3609,End of half
2008_17_NYG_MIN,20,NYG 32,115,46,0:00,1,10,1,3894,Field goal
2008_17_OAK_TB,25,LV 45,23,50,0:00,1,10,0,3829,End of half
2008_17_SEA_ARI,22,SEA 43,115,52,0:53,1,10,0,4561,Turnover
2008_21_PIT_ARI,18,ARI 6,68,50,0:35,1,10,1,3965,Touchdown
2009_01_KC_BAL,22,KC 46,6,54,0:00,1,10,0,4200,End of half
2009_01_SD_OAK,21,LV 5,110,55,0:18,1,10,1,4180,Touchdown
2009_01_SF_ARI,27,ARI 46,8,54,0:00,1,10,0,4586,End of half
2009_02_CAR_ATL,19,ATL 43,13,52,0:00,1,10,0,4182,End of half
2009_02_CIN_GB,22,CIN 27,77,52,0:45,1,10,1,4129,Field goal
2009_02_IND_MIA,16,IND 30,70,55,0:00,1,10,0,3791,Turnover
2009_02_NYG_DAL,26,DAL 19,66,47,0:00,1,10,1,4239,Field goal
2009_02_SEA_SF,24,SEA 46,3,54,0:00,1,10,0,4310,End of half
2009_03_CHI_SEA,24,CHI 29,80,52,0:26,1,10,0,4209,Turnover on downs
2009_03_SF_MIN,27,SF 32,60,54,0:02,1,10,1,4423,Touchdown
2009_03_WAS_DET,20,DET 36,36,52,0:00,1,10,0,4391,End of half
2009_04_SD_PIT,19,PIT 49,34,49,0:26,1,10,0,3947,Turnover
2009_05_CIN_BAL,19,BAL 20,50,50,0:22,1,10,1,3893,Touchdown
2009_06_BAL_MIN,26,MIN 26,97,54,0:00,1,10,0,4460,Missed field goal
2009_07_ARI_NYG,29,ARI 39,113,50,1:08,1,10,0,3991,Turnover
2009_07_BUF_CAR,26,BUF 49,110,45,1:30,1,10,0,4043,Turnover
2009_07_MIN_PIT,23,PIT 19,28,52,0:00,1,10,0,4259,End of half
2009_07_NO_MIA,31,NO 8,45,45,0:00,1,10,0,4944,End of half
2009_08_ATL_NO,23,NO 22,83,53,0:28,1,10,1,4559,Field goal
2009_08_ATL_NO,24,NO 49,13,49,0:03,1,10,0,4677,Turnover
2009_08_CAR_ARI,25,CAR 32,120,55,0:06,1,10,0,4332,Turnover
2009_08_CAR_ARI,25,CAR 32,39,49,0:06,1,10,0,4332,Turnover
2009_09_DET_SEA,25,DET 47,40,53,0:22,1,10,0,4483,Opp touchdown
2009_09_HOU_IND,21,IND 24,44,47,0:00,1,10,0,4596,Missed field goal
2009_09_SD_NYG,21,NYG 18,68,49,0:21,1,10,1,3875,Touchdown
2009_10_CHI_SF,22,SF 12,86,55,0:00,1,10,0,4258,Turnover
2009_10_NO_STL,22,NO 32,66,52,0:00,1,10,0,3853,Turnover on downs
2009_10_PHI_SD,20,LAC 34,18,49,0:00,1,10,0,4034,Turnover
2009_10_TB_MIA,28,TB 7,41,50,0:10,1,10,1,4439,Field goal
2009_11_BUF_JAX,21,JAX 46,35,46,0:17,1,10,0,3835,Turnover
2009_11_CIN_OAK,21,CIN 29,110,55,0:33,1,10,1,3912,Touchdown
2009_11_CIN_OAK,21,CIN 29,71,45,0:33,1,10,1,3912,Touchdown
2009_11_CLE_DET,25,CLE 1,45,54,0:00,1,10,1,4579,Touchdown
2009_11_TEN_HOU,21,TEN 31,28,51,0:01,1,10,0,3902,Missed field goal
2009_12_ARI_TEN,19,ARI 10,63,50,0:00,1,10,1,3860,Touchdown
2009_12_CAR_NYJ,22,NYJ 38,120,47,1:10,1,10,0,3520,Turnover
2009_12_TB_ATL,23,TB 5,120,46,0:23,1,10,1,4139,Touchdown
2009_13_BAL_GB,25,GB 38,54,45,0:28,1,10,0,4398,Turnover on downs
2009_13_DAL_NYG,24,NYG 22,93,48,0:58,1,10,1,4021,Touchdown
2009_13_NO_WAS,19,NO 47,87,53,1:19,1,10,1,4024,Touchdown
2009_13_OAK_PIT,23,PIT 50,3,50,0:00,1,10,0,4048,End of half
2009_13_SD_CLE,17,LAC 31,82,46,0:39,1,10,1,3882,Field goal
2009_13_STL_CHI,26,CHI 41,73,55,0:17,1,10,0,4067,Turnover on downs
2009_14_NO_ATL,15,NO 46,92,54,1:12,1,10,0,3711,Turnover on downs
2009_14_SD_DAL,17,LAC 9,57,54,0:02,1,10,1,3914,Touchdown
2009_15_CLE_KC,27,CLE 26,28,48,0:00,1,10,0,4354,End of half
2009_15_DAL_NO,21,DAL 42,32,55,0:06,1,10,0,4411,Turnover
2009_15_GB_PIT,24,GB 19,65,46,0:00,1,10,1,4720,Touchdown
2009_15_GB_PIT,24,GB 19,51,51,0:00,1,10,1,4720,Touchdown
2009_15_IND_JAX,19,IND 33,120,47,0:56,1,10,0,3877,Turnover
2009_16_KC_CIN,22,CIN 48,73,48,1:06,1,10,0,4007,Turnover
2009_16_OAK_CLE,25,CLE 42,67,49,0:40,1,10,0,4474,Turnover on downs
2009_17_JAX_CLE,19,CLE 15,80,54,0:00,1,10,1,3951,Touchdown
2009_17_NE_HOU,20,HOU 34,80,55,0:14,1,10,0,3943,Turnover on downs
2010_01_ARI_STL,26,ARI 36,25,48,0:00,1,10,0,4721,Turnover
2010_01_DAL_WAS,19,WAS 13,66,53,0:00,1,10,0,4341,End of half
2010_02_MIA_MIN,21,MIA 27,102,55,0:33,1,10,0,3747,Turnover on downs
2010_02_NO_SF,21,NO 7,112,54,1:19,1,10,1,4034,Touchdown
2010_03_DET_MIN,24,MIN 10,95,51,0:58,1,10,0,4593,Turnover
2010_03_IND_DEN,23,IND 39,22,53,0:00,1,10,0,4390,End of half
2010_03_OAK_ARI,26,ARI 14,62,52,0:00,1,10,0,4619,Missed field goal
2010_03_SD_SEA,28,SEA 17,98,55,0:06,1,10,0,4450,Turnover
2010_03_WAS_STL,25,LA 30,47,49,0:00,1,10,0,4319,End of half
2010_04_IND_JAX,17,JAX 1,84,49,0:48,1,10,1,3602,Touchdown
2010_04_SF_ATL,18,ATL 46,97,55,1:22,1,10,0,3675,Turnover
2010_04_WAS_PHI,20,WAS 32,28,55,0:00,1,10,0,3973,Turnover
2010_04_WAS_PHI,20,WAS 32,25,50,0:00,1,10,0,3973,Turnover
2010_06_DET_NYG,23,NYG 38,55,55,0:07,1,10,0,4181,Turnover
2010_06_KC_HOU,19,KC 11,120,55,0:28,1,10,1,3803,Touchdown
2010_06_NYJ_DEN,25,DEN 2,120,52,1:13,1,10,1,4038,Touchdown
2010_06_NYJ_DEN,26,NYJ 44,58,48,0:35,1,10,0,4200,Turnover
2010_07_NE_SD,22,NE 32,115,47,0:22,1,10,0,4064,Missed field goal
2010_07_NYG_DAL,30,NYG 15,93,49,0:40,1,10,1,4532,Touchdown
2010_08_DEN_SF,24,SF 45,45,45,0:38,1,10,0,4150,Turnover
2010_08_GB_NYJ,26,NYJ 47,9,53,0:00,1,10,0,4217,End of half
2010_08_HOU_IND,21,IND 14,120,55,0:57,1,10,0,4303,Turnover
2010_08_MIN_NE,20,50,41,46,0:00,1,10,0,3844,End of half
2010_08_WAS_DET,34,WAS 41,29,49,0:00,1,10,0,4684,End of half
2010_09_KC_OAK,30,KC 22,57,52,0:03,1,10,1,4884,Field goal
2010_09_MIA_BAL,18,BAL 34,68,52,0:35,1,10,0,3777,Turnover
2010_09_PIT_CIN,27,PIT 12,114,49,0:34,1,10,0,3858,Turnover on downs
2010_10_DET_BUF,25,BUF 20,99,55,0:14,1,10,1,4777,Touchdown
2010_10_NE_PIT,24,NE 15,59,47,0:00,1,10,0,4684,End of half
2010_10_NYJ_CLE,17,NYJ 3,120,49,0:44,1,10,1,3638,Touchdown
2010_10_STL_SF,26,SF 15,69,49,0:00,1,10,1,4509,Field goal
2010_11_CLE_JAX,24,JAX 29,33,51,0:05,1,10,0,4042,Turnover
2010_11_HOU_NYJ,26,HOU 6,24,48,0:10,1,10,1,4125,Touchdown
2010_11_IND_NE,18,NE 24,120,53,0:31,1,10,0,3859,Turnover
2010_12_CAR_CLE,21,CAR 46,96,54,1:28,1,10,0,3878,Turnover
2010_12_CAR_CLE,23,CLE 24,12,52,0:00,1,10,0,4178,Missed field goal
2010_12_NO_DAL,22,NO 41,56,52,0:25,1,10,0,4581,Missed field goal
2010_12_PIT_BUF,19,PIT 31,46,54,0:02,1,10,1,4551,Field goal
2010_13_DAL_IND,18,DAL 2,120,49,0:29,1,10,1,3833,Touchdown
2010_13_NO_CIN,21,NO 37,22,51,0:00,1,10,0,4106,End of half
2010_13_PIT_BAL,21,PIT 31,88,47,0:33,1,10,0,3927,Turnover on downs
2010_14_IND_TEN,20,IND 2,100,52,0:00,1,10,1,4078,Touchdown
2010_14_MIA_NYJ,30,NYJ 41,95,53,0:47,1,10,0,4273,Turnover on downs
2010_14_OAK_JAX,26,JAX 39,55,45,0:00,1,10,0,4007,End of half
2010_14_TB_WAS,21,TB 6,120,45,0:09,1,10,1,3674,Touchdown
2010_15_DET_TB,16,TB 10,61,49,0:00,1,10,1,3891,Field goal
2010_16_DAL_ARI,23,DAL 30,49,55,0:05,1,10,1,4303,Field goal
2010_16_DET_MIA,24,DET 28,63,46,0:00,1,10,0,4382,End of half
2010_16_MIN_PHI,22,MIN 29,66,55,0:00,1,10,0,4186,End of half
2010_17_CHI_GB,25,GB 32,67,48,0:10,1,10,0,3683,Turnover
2010_18_NYJ_IND,18,IND 14,45,54,0:00,1,10,1,3706,Field goal
2010_19_BAL_PIT,24,BAL 44,87,48,1:03,1,10,0,4072,Turnover on downs
2010_20_GB_CHI,27,GB 29,94,47,0:37,1,10,0,4421,Turnover
2011_01_CAR_ARI,23,ARI 6,114,46,1:14,1,10,0,4404,Turnover on downs
2011_01_DET_TB,22,DET 42,18,47,0:00,1,10,0,4277,Turnover
2011_01_TEN_JAX,21,TEN 46,23,54,0:16,1,10,0,3857,Turnover
2011_02_CIN_DEN,25,CIN 43,63,48,0:23,1,10,0,4080,Turnover on downs
2011_02_CLE_IND,23,CLE 6,120,46,0:24,1,10,1,4237,Touchdown
2011_02_PHI_ATL,29,ATL 45,5,45,0:00,1,10,0,4240,End of half
2011_03_JAX_CAR,23,CAR 36,38,45,0:00,1,10,0,3931,End of half
2011_03_MIA_CLE,20,CLE 47,36,47,0:13,1,10,0,4011,Turnover
2011_03_NYG_PHI,19,PHI 49,120,51,1:49,1,10,0,3747,Turnover
2011_03_NYJ_OAK,26,LV 2,120,47,0:49,1,10,0,4561,Turnover on downs
2011_04_ATL_SEA,21,ATL 43,22,45,0:08,1,10,0,4222,Missed field goal
2011_04_DET_DAL,25,DAL 45,39,45,0:04,1,10,0,4741,Turnover on downs
2011_05_CHI_DET,21,DET 14,51,48,0:00,1,10,0,4020,End of half
2011_05_GB_ATL,19,ATL 49,58,53,0:32,1,10,0,3735,Turnover
2011_05_NO_CAR,18,CAR 49,27,49,0:00,1,10,0,4210,End of half
2011_05_NYJ_NE,22,NE 49,27,49,0:00,1,10,0,4278,End of half
2011_05_OAK_HOU,30,LV 5,89,52,0:00,1,10,0,4731,Turnover
2011_06_CLE_OAK,22,LV 42,65,49,0:29,1,10,0,4216,Turnover on downs
2011_06_DAL_NE,22,NE 49,7,49,0:00,1,10,0,4541,End of half
2011_06_JAX_PIT,22,PIT 48,3,48,0:00,1,10,0,3771,End of half
2011_08_CLE_SF,21,SF 26,95,50,0:00,1,10,0,4221,End of half
2011_08_JAX_HOU,27,JAX 48,8,52,0:00,1,10,0,4118,End of half
2011_09_CIN_TEN,24,TEN 38,35,50,0:00,1,10,0,4532,End of half
2011_09_GB_SD,20,GB 41,54,50,0:14,1,10,0,4078,Turnover
2011_09_SEA_DAL,21,DAL 39,85,46,0:21,1,10,0,4071,Turnover
2011_10_DEN_KC,23,DEN 14,90,55,0:07,1,10,1,3897,Field goal
2011_10_NO_ATL,21,NO 9,72,48,0:00,1,10,1,4293,Field goal
2011_10_OAK_SD,24,LAC 41,32,50,0:00,1,10,0,4148,Turnover
2011_11_JAX_CLE,16,CLE 1,120,55,0:00,1,10,0,4021,End of half
2011_11_SD_CHI,21,LAC 45,116,55,1:44,1,10,0,3957,Turnover
2011_12_BUF_NYJ,23,NYJ 24,46,55,0:00,1,10,0,4118,Turnover on downs
2011_12_CHI_OAK,27,CHI 46,4,54,0:00,1,10,0,4428,End of half
2011_12_PIT_KC,20,PIT 37,56,46,0:28,1,10,0,3857,Turnover
2011_13_ATL_HOU,22,HOU 30,36,45,0:00,1,10,0,4261,End of half
2011_13_IND_NE,19,NE 12,47,52,0:36,1,10,1,4233,Touchdown
2011_13_TEN_BUF,21,BUF 46,26,54,0:12,1,10,0,4335,Turnover on downs
2011_14_CLE_PIT,21,PIT 33,82,54,0:00,1,10,0,4009,Turnover on downs
2011_14_HOU_CIN,22,CIN 6,94,54,0:02,1,10,1,4165,Touchdown
2011_14_NO_TEN,21,NO 5,70,55,0:00,1,10,0,4400,End of half
2011_14_NO_TEN,21,NO 5,48,45,0:00,1,10,0,4400,End of half
2011_15_DET_OAK,24,DET 47,21,50,0:00,1,10,0,4852,Missed field goal
2011_16_MIN_WAS,22,MIN 42,35,48,0:00,1,10,0,4142,End of half
2011_16_OAK_KC,19,LV 3,120,52,1:02,1,10,1,3930,Touchdown
2011_16_SF_SEA,19,SF 48,120,55,1:07,1,10,0,3781,Turnover
2011_17_BAL_CIN,23,BAL 33,44,49,0:00,1,10,0,4055,End of half
2011_17_CHI_MIN,27,MIN 46,42,54,0:26,1,10,0,4126,Turnover
2011_17_DET_GB,29,DET 4,116,52,1:10,1,10,1,4795,Touchdown
2011_17_NYJ_MIA,22,MIA 10,120,50,1:15,1,10,1,3806,Touchdown
2011_17_PIT_CLE,22,PIT 24,41,55,0:00,1,10,0,4172,End of half
2011_19_HOU_BAL,28,BAL 43,45,52,0:11,1,10,0,3913,Turnover on downs
2012_01_SF_GB,21,SF 45,113,45,0:49,1,10,0,4213,Turnover on downs
2012_02_CLE_CIN,20,CIN 7,101,48,0:20,1,10,1,4244,Field goal
2012_02_TB_NYG,27,NYG 45,18,45,0:05,1,10,0,4251,Turnover
2012_02_WAS_STL,24,LA 44,120,49,1:13,1,10,0,4138,Missed field goal
2012_03_CIN_WAS,27,WAS 41,51,50,0:00,1,10,0,4473,End of half
2012_03_DET_TEN,21,TEN 34,120,47,1:16,1,10,0,3996,Opp touchdown
2012_03_DET_TEN,22,TEN 3,61,51,0:18,1,10,1,4314,Touchdown
2012_03_DET_TEN,23,TEN 46,16,46,0:00,1,10,1,4396,Touchdown
2012_03_GB_SEA,19,GB 24,46,46,0:00,1,10,1,4214,Touchdown
2012_03_NE_BAL,21,NE 9,91,55,0:00,1,10,1,4771,Field goal
2012_03_TB_DAL,23,DAL 10,93,52,0:40,1,10,1,4300,Field goal
2012_04_CLE_BAL,26,BAL 18,45,50,0:00,1,10,0,4779,Turnover on downs
2012_04_WAS_TB,25,TB 24,60,45,0:03,1,10,1,4199,Field goal
2012_05_ARI_STL,24,LA 45,101,45,1:32,1,10,0,3982,Turnover
2012_05_GB_IND,29,IND 33,25,47,0:03,1,10,0,5042,Missed field goal
2012_05_SD_NO,22,NO 33,120,45,0:14,1,10,0,4486,Turnover
2012_06_CIN_CLE,30,CLE 49,31,49,0:06,1,10,0,4555,Turnover
2012_06_DAL_BAL,18,BAL 33,30,54,0:02,1,10,0,4374,Missed field goal
2012_06_DEN_SD,24,LAC 41,80,53,0:52,1,10,0,4085,Turnover
2012_06_MIN_WAS,21,WAS 3,112,48,0:22,1,10,0,4420,Turnover
2012_06_NE_SEA,22,NE 46,87,46,1:18,1,10,1,4289,Touchdown
2012_06_STL_MIA,20,MIA 48,46,51,0:00,1,10,0,4237,Missed field goal
2012_07_DAL_CAR,22,CAR 36,49,54,0:00,1,10,0,4026,Turnover
2012_07_DET_CHI,25,CHI 12,120,47,0:30,1,10,1,4641,Touchdown
2012_07_NYJ_NE,23,NYJ 25,45,52,0:00,1,10,1,4536,Field goal
2012_08_CAR_CHI,23,CAR 23,93,54,0:00,1,10,1,4312,Field goal
2012_08_SD_CLE,21,CLE 44,109,55,1:20,1,10,0,3822,Turnover on downs
2012_09_BUF_HOU,22,BUF 41,25,54,0:00,1,10,0,3838,End of half
2012_09_MIA_IND,19,MIA 45,120,50,1:37,1,10,0,4483,Turnover on downs
2012_09_PHI_NO,20,NO 15,90,49,0:07,1,10,0,4095,Turnover on downs
2012_10_DAL_PHI,25,DAL 31,36,46,0:00,1,10,0,4315,End of half
2012_10_KC_PIT,24,PIT 28,62,50,0:00,1,10,1,3966,Field goal
2012_10_SD_TB,18,TB 47,3,47,0:00,1,10,0,3223,End of half
2012_10_STL_SF,18,LA 15,33,45,0:03,1,10,1,3919,Field goal
2012_11_CLE_DAL,22,CLE 14,29,49,0:02,1,10,1,4527,Field goal
2012_11_MIA_BUF,23,MIA 43,56,47,0:41,1,10,0,4408,Turnover
2012_11_NYJ_STL,24,50,81,49,0:41,1,10,0,3887,Turnover on downs
2012_11_TB_CAR,24,CAR 24,45,47,0:12,1,10,1,4361,Touchdown
2012_12_WAS_DAL,25,WAS 33,69,47,0:18,1,10,1,4592,Field goal
2012_13_CIN_SD,20,CIN 17,120,49,0:49,1,10,0,4196,Turnover
2012_13_NE_MIA,22,NE 24,48,52,0:31,1,10,1,4250,Field goal
2012_14_BAL_WAS,22,BAL 11,97,53,0:29,1,10,1,4025,Touchdown
2012_14_DET_GB,20,GB 15,66,52,0:07,1,10,1,4126,Field goal
2012_14_PHI_TB,26,TB 1,111,45,0:00,1,10,1,4412,Touchdown
2012_15_SF_NE,32,SF 23,68,53,0:38,1,10,1,5167,Field goal
2012_16_ATL_DET,22,ATL 49,30,49,0:00,1,10,0,4060,End of half
2012_16_NE_JAX,25,NE 12,54,47,0:00,1,10,0,4618,Turnover
2012_16_WAS_PHI,20,WAS 5,120,49,0:00,1,10,0,3811,End of half
2012_17_STL_SEA,20,SEA 29,93,55,0:33,1,10,0,4203,Turnover
2012_19_SEA_ATL,19,ATL 2,120,51,0:31,1,10,1,3666,Touchdown
2012_19_SEA_ATL,20,SEA 31,19,50,0:08,1,10,1,3817,Field goal
2012_19_SEA_ATL,21,ATL 48,6,54,0:00,1,10,0,3898,Turnover
2012_20_BAL_NE,23,BAL 22,105,45,1:06,1,10,0,4513,Turnover
2013_01_NYG_DAL,25,NYG 48,120,52,1:50,1,10,0,4194,Opp touchdown
2013_01_PHI_WAS,26,PHI 24,112,53,1:14,1,10,1,4889,Touchdown
2013_01_TB_NYJ,26,TB 30,15,55,0:02,1,10,1,4399,Field goal
2013_02_CAR_BUF,23,CAR 2,47,46,0:02,1,10,1,4989,Touchdown
2013_02_JAX_OAK,23,LV 30,51,46,0:00,1,10,0,4207,End of half
2013_02_MIN_CHI,21,MIN 16,120,48,0:10,1,10,1,4242,Touchdown
2013_02_NO_TB,23,TB 9,47,48,0:00,1,10,1,4109,Field goal
2013_03_CLE_MIN,30,CLE 34,20,48,0:00,1,10,0,4808,End of half
2013_03_DET_WAS,24,DET 49,6,49,0:00,1,10,0,4546,End of half
2013_03_SD_TEN,18,LAC 34,70,49,0:15,1,10,1,3877,Touchdown
2013_04_BAL_BUF,33,BUF 48,93,50,0:57,1,10,0,5139,Turnover
2013_05_BUF_CLE,26,CLE 42,61,51,0:09,1,10,0,4462,Turnover on downs
2013_05_NE_CIN,24,CIN 27,49,54,0:16,1,10,0,4051,Turnover
2013_05_NYJ_ATL,18,ATL 25,67,55,0:00,1,10,1,3878,Field goal
2013_05_SD_OAK,21,LV 45,53,45,0:45,1,10,0,4117,Turnover
2013_06_DET_CLE,24,DET 9,57,55,0:00,1,10,0,4420,End of half
2013_06_IND_SD,17,IND 45,82,55,1:07,1,10,0,3692,Turnover
2013_06_JAX_DEN,23,50,64,53,0:47,1,10,0,4291,Turnover
2013_06_NO_NE,25,NO 17,53,47,0:05,1,10,1,4619,Touchdown
2013_07_BUF_MIA,27,MIA 46,23,54,0:00,1,10,0,4290,Turnover on downs
2013_07_CHI_WAS,25,WAS 44,25,51,0:00,1,10,0,4354,End of half
2013_07_NE_NYJ,24,NYJ 26,68,45,0:16,1,10,1,4659,Field goal
2013_09_IND_HOU,24,IND 37,38,51,0:00,1,10,0,4013,Missed field goal
2013_09_KC_BUF,21,KC 35,114,54,1:27,1,10,0,4508,Turnover on downs
2013_09_MIN_DAL,21,MIN 7,95,55,0:35,1,10,1,4144,Touchdown
2013_09_MIN_DAL,22,DAL 47,4,47,0:00,1,10,0,4365,End of half
2013_10_CIN_BAL,29,CIN 49,36,46,0:00,1,10,1,4434,Touchdown
2013_10_JAX_TEN,29,JAX 14,77,52,0:40,1,10,1,4186,Touchdown
2013_11_GB_NYG,22,NYG 47,11,47,0:00,1,10,0,3677,End of half
2013_11_NE_CAR,14,CAR 18,29,46,0:00,1,10,0,3716,Turnover
2013_11_WAS_PHI,23,PHI 18,95,55,0:24,1,10,0,4270,Turnover
2013_11_WAS_PHI,23,PHI 18,70,49,0:24,1,10,0,4270,Turnover
2013_12_JAX_HOU,22,JAX 41,67,53,0:34,1,10,0,3773,Turnover
2013_12_SD_KC,24,KC 26,50,47,0:24,1,10,1,4203,Touchdown
2013_13_CHI_MIN,23,CHI 12,64,50,0:20,1,10,1,4000,Field goal
2013_13_JAX_CLE,28,CLE 48,6,47,0:00,1,10,0,4732,End of half
2013_14_CLE_NE,23,CLE 2,120,53,1:01,1,10,1,4549,Touchdown
2013_14_CLE_NE,25,NE 40,19,53,0:00,1,10,0,4859,Missed field goal
2013_14_MIN_BAL,31,MIN 9,38,45,0:04,1,10,1,4590,Touchdown
2013_15_ARI_TEN,21,ARI 8,44,54,0:10,1,10,1,4378,Touchdown
2013_15_BAL_DET,21,DET 43,115,45,0:38,1,10,1,3924,Field goal
2013_15_NE_MIA,19,MIA 14,52,55,0:02,1,10,0,4205,Turnover
2013_15_SD_DEN,18,LAC 24,92,50,0:29,1,10,1,3813,Field goal
2013_15_WAS_ATL,28,ATL 3,92,45,0:18,1,10,1,4143,Touchdown
2013_16_ATL_SF,20,SF 35,21,52,0:00,1,10,0,4176,Turnover
2013_16_NO_CAR,27,CAR 46,5,46,0:00,1,10,0,3932,End of half
2013_17_GB_CHI,20,CHI 48,83,50,0:38,1,10,1,3976,Touchdown
2013_17_GB_CHI,21,GB 45,24,45,0:00,1,10,0,4116,Turnover
2013_17_NYJ_MIA,21,NYJ 33,119,49,1:30,1,10,0,3984,Turnover
2013_17_SF_ARI,25,SF 25,67,55,0:29,1,10,1,4253,Field goal
2013_17_WAS_NYG,34,WAS 49,11,51,0:02,1,10,0,4412,Turnover
2013_19_NO_SEA,23,SEA 9,120,51,0:26,1,10,1,3991,Touchdown
2014_01_NE_MIA,26,MIA 34,81,46,0:08,1,10,0,4950,Turnover on downs
2014_01_NO_ATL,18,ATL 3,120,54,1:20,1,10,1,4060,Touchdown
2014_01_NO_ATL,19,NO 33,43,55,0:00,1,10,1,4293,Field goal
2014_01_OAK_NYJ,23,NYJ 30,117,52,1:21,1,10,1,3890,Touchdown
2014_01_TEN_KC,25,TEN 49,81,55,1:02,1,10,0,4392,Turnover
2014_01_WAS_HOU,20,HOU 48,100,48,1:14,1,10,0,3744,Turnover on downs
2014_02_NO_CLE,20,NO 11,19,52,0:03,1,10,1,4328,Field goal
2014_03_BAL_CLE,20,CLE 13,118,50,0:00,1,10,1,4003,Field goal
2014_03_HOU_NYG,26,50,15,50,0:00,1,10,0,4116,End of half
2014_03_SD_BUF,21,LAC 11,66,55,0:00,1,10,0,4344,Turnover on downs
2014_04_ATL_MIN,23,MIN 33,21,45,0:00,1,10,0,4428,Turnover
2014_04_BUF_HOU,28,HOU 41,81,54,1:07,1,10,0,4390,Turnover
2014_04_TB_PIT,20,PIT 5,40,46,0:07,1,10,1,4676,Touchdown
2014_05_ATL_NYG,23,ATL 37,14,53,0:00,1,10,0,4281,End of half
2014_05_CHI_CAR,26,CHI 34,93,55,1:06,1,10,0,4011,Turnover
2014_05_HOU_DAL,20,DAL 1,119,45,0:41,1,10,1,3687,Touchdown
2014_05_STL_PHI,25,LA 47,79,50,0:37,1,10,0,4551,Turnover on downs
2014_06_CAR_CIN,19,CIN 26,90,51,0:00,1,10,1,4334,Field goal
2014_06_GB_MIA,21,MIA 4,117,48,0:03,1,10,1,4027,Touchdown
2014_06_JAX_TEN,20,TEN 20,101,49,0:37,1,10,1,3929,Touchdown
2014_06_JAX_TEN,21,TEN 37,17,45,0:03,1,10,0,4053,Missed field goal
2014_06_SD_OAK,19,LAC 45,103,54,1:13,1,10,0,4115,Turnover
2014_07_MIN_BUF,25,MIN 2,120,50,0:01,1,10,1,4760,Touchdown
2014_07_NYJ_NE,20,NE 40,14,45,0:00,1,10,0,4288,Missed field goal
2014_07_TEN_WAS,20,TEN 4,85,50,0:00,1,10,1,3996,Field goal
2014_08_MIN_TB,23,TB 19,46,51,0:00,1,10,1,4061,Field goal
2014_08_PHI_ARI,27,ARI 16,43,46,0:00,1,10,0,5482,End of half
2014_09_JAX_CIN,25,JAX 45,12,55,0:00,1,10,0,4322,End of half
2014_09_STL_SF,23,LA 1,118,50,0:02,1,10,0,4058,Turnover
2014_11_ATL_CAR,25,ATL 28,114,49,1:22,1,10,0,3993,Missed field goal
2014_11_ATL_CAR,27,ATL 45,1,45,0:00,1,10,0,4227,Missed field goal
2014_11_HOU_CLE,25,HOU 29,116,53,1:10,1,10,0,4912,Turnover on downs
2014_11_MIN_CHI,19,CHI 29,118,50,0:42,1,10,0,3952,Turnover
2014_12_CLE_ATL,21,ATL 19,24,45,0:00,1,10,1,4278,Field goal
2014_12_KC_OAK,23,KC 48,61,49,0:23,1,10,0,4203,Turnover on downs
2014_13_NO_PIT,23,NO 3,52,53,0:00,1,10,1,4615,Touchdown
2014_13_SD_BAL,18,BAL 1,120,54,0:38,1,10,1,4401,Touchdown
2014_15_ARI_STL,24,ARI 43,117,50,1:23,1,10,0,3923,Turnover on downs
2014_16_DEN_CIN,27,CIN 19,95,52,1:07,1,10,0,4169,Turnover
2014_16_PHI_WAS,22,50,3,50,0:00,1,10,0,4566,End of half
2014_16_SD_SF,23,SF 11,120,45,0:29,1,10,1,4625,Touchdown
2014_16_TEN_JAX,21,JAX 35,24,45,0:00,1,10,0,3846,End of half
2014_18_CIN_IND,24,IND 39,21,52,0:00,1,10,0,4283,End of half
2014_18_DET_DAL,21,DAL 42,78,49,0:54,1,10,0,4118,Turnover
2014_19_BAL_NE,24,BAL 48,4,52,0:00,1,10,0,4788,End of half
2014_19_IND_DEN,24,IND 47,54,45,0:00,1,10,0,4312,End of half
2014_20_GB_SEA,27,SEA 30,43,48,0:14,1,10,1,4151,Field goal
2014_21_NE_SEA,22,NE 1,115,49,0:20,1,10,0,4205,Turnover
2015_01_BAL_DEN,21,DEN 16,82,47,0:28,1,10,0,3876,Turnover
2015_01_CAR_JAX,23,JAX 40,38,55,0:06,1,10,0,4144,Turnover on downs
2015_01_DET_SD,22,LAC 21,100,51,1:04,1,10,1,3690,Touchdown
2015_01_GB_CHI,16,GB 24,91,55,0:34,1,10,1,4259,Touchdown
2015_01_KC_HOU,28,KC 29,107,46,1:23,1,10,1,4444,Field goal
2015_01_NYG_DAL,20,NYG 11,64,48,0:07,1,10,1,4199,Touchdown
2015_01_PIT_NE,18,NE 11,120,54,0:02,1,10,1,4055,Touchdown
2015_02_ATL_NYG,20,NYG 50,62,50,0:35,1,10,0,4300,Turnover on downs
2015_02_BAL_OAK,20,BAL 12,75,54,0:26,1,10,1,4696,Touchdown
2015_02_TB_NO,25,TB 27,31,50,0:00,1,10,0,4523,End of half
2015_02_TEN_CLE,22,CLE 19,120,46,0:40,1,10,0,4107,Turnover
2015_03_NO_CAR,18,CAR 45,10,55,0:00,1,10,0,4245,End of half
2015_03_NO_CAR,18,CAR 45,6,45,0:00,1,10,0,4245,End of half
2015_03_OAK_CLE,20,LV 35,64,49,0:38,1,10,0,4459,Turnover
2015_03_TB_HOU,26,HOU 39,49,54,0:19,1,10,0,4629,Missed field goal
2015_04_BAL_PIT,24,PIT 24,35,52,0:03,1,10,1,3705,Field goal
2015_04_MIN_DEN,22,MIN 47,44,53,0:29,1,10,0,3968,Turnover
2015_04_OAK_CHI,23,LV 32,56,55,0:02,1,10,1,4603,Field goal
2015_05_CHI_KC,22,KC 7,85,47,0:18,1,10,1,3971,Touchdown
2015_05_CHI_KC,23,CHI 48,6,48,0:00,1,10,0,4185,Missed field goal
2015_05_CLE_BAL,22,CLE 5,120,45,0:25,1,10,1,4376,Field goal
2015_05_PIT_SD,24,LAC 1,64,45,0:00,1,10,1,4127,Touchdown
2015_05_SEA_CIN,21,SEA 13,85,45,0:00,1,10,1,3869,Field goal
2015_06_CAR_SEA,25,SEA 26,120,54,0:32,1,10,1,4041,Touchdown
2015_06_CHI_DET,21,DET 11,15,55,0:00,1,10,1,4385,Field goal
2015_07_ATL_TEN,22,ATL 42,118,47,1:31,1,10,0,3727,Turnover
2015_07_MIN_DET,22,MIN 36,47,45,0:06,1,10,0,3980,Turnover on downs
2015_07_NYJ_NE,20,NE 37,54,47,0:18,1,10,1,4293,Field goal
2015_07_NYJ_NE,21,NE 37,14,49,0:00,1,10,0,4412,End of half
2015_08_CIN_PIT,24,CIN 16,33,50,0:00,1,10,0,4751,End of half
2015_08_IND_CAR,29,CAR 6,84,48,0:00,1,10,1,4280,Field goal
2015_08_NYJ_OAK,22,LV 28,61,54,0:23,1,10,0,4207,Turnover on downs
2015_09_CHI_SD,19,LAC 41,120,46,1:09,1,10,0,3991,Turnover on downs
2015_09_OAK_PIT,30,PIT 38,95,52,1:15,1,10,1,4690,Touchdown
2015_09_PHI_DAL,19,PHI 26,48,50,0:02,1,10,1,4359,Field goal
2015_10_DAL_TB,20,TB 45,29,45,0:14,1,10,0,3741,Turnover
2015_10_DET_GB,25,DET 11,85,50,0:32,1,10,1,4539,Touchdown
2015_10_DET_GB,26,DET 34,31,49,0:00,1,10,0,4687,Missed field goal
2015_10_HOU_CIN,22,HOU 33,120,48,0:40,1,10,0,3961,Turnover
2015_10_JAX_BAL,27,BAL 35,25,55,0:00,1,10,1,4237,Field goal
2015_10_NE_NYG,23,NYG 36,21,45,0:01,1,10,1,4539,Field goal
2015_11_DEN_CHI,22,DEN 2,83,45,0:24,1,10,1,4108,Touchdown
2015_11_TEN_JAX,23,JAX 23,70,51,0:00,1,10,0,4011,End of half
2015_12_CHI_GB,23,CHI 8,120,51,0:22,1,10,0,4406,Turnover on downs
2015_12_NE_DEN,27,NE 4,120,47,1:09,1,10,1,4123,Touchdown
2015_12_NE_DEN,28,DEN 29,15,48,0:00,1,10,1,4286,Field goal
2015_12_OAK_TEN,24,TEN 47,50,53,0:43,1,10,0,4038,Turnover
2015_12_PIT_SEA,25,SEA 48,105,48,1:37,1,10,0,4309,Turnover
2015_13_CAR_NO,25,50,24,50,0:09,1,10,0,4657,Turnover on downs
2015_13_HOU_BUF,25,BUF 28,19,55,0:00,1,10,0,4626,Turnover
2015_13_SF_CHI,22,CHI 44,120,51,1:42,1,10,1,4227,Touchdown
2015_15_CIN_SF,30,50,34,50,0:00,1,10,0,4591,End of half
2015_16_CHI_TB,23,CHI 43,31,53,0:01,1,10,1,3839,Touchdown
2015_16_CLE_KC,19,KC 32,85,55,0:00,1,10,0,3893,End of half
2015_17_MIN_GB,22,MIN 38,27,46,0:00,1,10,0,3994,Turnover on downs
2015_17_TEN_IND,24,TEN 35,109,54,1:25,1,10,0,3971,Turnover on downs
2015_18_PIT_CIN,28,CIN 17,22,47,0:14,1,10,1,4886,Field goal
2015_20_NE_DEN,29,DEN 4,112,50,0:12,1,10,1,4502,Touchdown
2016_01_CAR_DEN,20,DEN 32,51,53,0:04,1,10,0,4026,Missed field goal
2016_01_CHI_HOU,24,CHI 45,37,55,0:10,1,10,0,4010,Turnover on downs
2016_01_GB_JAX,19,GB 14,103,51,0:14,1,10,0,4167,Turnover on downs
2016_01_NYG_DAL,19,DAL 46,18,54,0:00,1,10,0,4135,End of half
2016_02_BAL_CLE,22,BAL 30,91,48,0:13,1,10,0,4166,Turnover
2016_02_DAL_WAS,20,DAL 41,43,52,0:00,1,10,0,4218,End of half
2016_02_IND_DEN,21,DEN 45,25,50,0:00,1,10,0,4328,End of half
2016_02_MIA_NE,23,NE 29,42,51,0:02,1,10,0,4360,Turnover
2016_02_TEN_DET,19,DET 45,38,55,0:18,1,10,0,4347,Turnover
2016_03_CHI_DAL,21,DAL 16,40,50,0:00,1,10,0,4195,End of half
2016_03_OAK_TEN,23,LV 12,68,45,0:12,1,10,0,4091,Turnover on downs
2016_04_CLE_WAS,19,WAS 44,31,54,0:00,1,10,0,4207,End of half
2016_04_LA_ARI,24,LA 37,56,54,0:00,1,10,0,4342,Turnover
2016_04_OAK_BAL,28,LV 50,62,50,0:43,1,10,0,4556,Turnover on downs
2016_05_ATL_DEN,21,ATL 27,75,54,0:14,1,10,1,4125,Field goal
2016_05_WAS_BAL,25,WAS 21,72,47,0:14,1,10,0,4199,Turnover on downs
2016_06_BAL_NYG,24,NYG 29,58,55,0:00,1,10,0,4726,End of half
2016_06_DEN_SD,23,LAC 28,99,51,0:27,1,10,1,4110,Field goal
2016_06_DEN_SD,24,LAC 45,26,54,0:00,1,10,0,4332,Turnover on downs
2016_06_IND_HOU,21,IND 26,110,53,0:49,1,10,1,3804,Touchdown
2016_06_JAX_CHI,22,JAX 48,116,48,0:57,1,10,0,4369,Turnover on downs
2016_07_BAL_NYJ,25,NYJ 44,93,46,0:55,1,10,0,3909,Turnover on downs
2016_07_CHI_GB,18,GB 42,68,53,0:41,1,10,0,4126,Turnover
2016_07_IND_TEN,20,IND 26,86,54,0:43,1,10,1,4336,Field goal
2016_07_NYG_LA,25,NYG 15,117,49,0:42,1,10,0,4428,Turnover
2016_07_SD_ATL,19,ATL 15,93,54,0:18,1,10,1,3818,Field goal
2016_07_WAS_DET,16,WAS 18,45,52,0:16,1,10,1,3581,Touchdown
2016_08_KC_IND,25,KC 40,118,45,0:02,1,10,0,4312,Turnover on downs
2016_08_SD_DEN,27,LAC 46,92,55,1:12,1,10,0,4524,Turnover on downs
2016_08_SEA_NO,18,NO 10,61,49,0:00,1,10,0,4198,Turnover on downs
2016_09_CAR_LA,21,CAR 10,104,52,0:34,1,10,1,4030,Touchdown
2016_10_DAL_PIT,22,PIT 32,23,52,0:09,1,10,1,4276,Touchdown
2016_10_MIN_WAS,19,WAS 28,112,49,0:04,1,10,0,3902,Turnover on downs
2016_11_MIA_LA,27,MIA 47,5,47,0:00,1,10,0,4034,End of half
2016_11_PIT_CLE,15,PIT 14,96,53,0:00,1,10,0,4020,End of half
2016_12_CAR_OAK,26,LV 44,80,55,0:53,1,10,0,4216,Turnover
2016_12_KC_DEN,24,DEN 3,116,52,0:12,1,10,1,4293,Touchdown
2016_12_KC_DEN,24,DEN 3,111,47,0:12,1,10,1,4293,Touchdown
2016_12_SF_MIA,22,MIA 6,41,46,0:00,1,10,0,4215,End of half
2016_12_TEN_CHI,21,TEN 7,94,51,0:29,1,10,0,4329,Turnover on downs
2016_13_DET_NO,19,DET 14,101,55,0:00,1,10,0,4297,Turnover
2016_13_WAS_ARI,19,ARI 28,76,52,0:41,1,10,0,4386,Turnover
2016_14_CHI_DET,16,DET 44,91,54,0:13,1,10,0,3757,Turnover on downs
2016_14_WAS_PHI,19,WAS 14,73,55,0:12,1,10,0,3875,Turnover
2016_15_CAR_WAS,27,WAS 44,60,54,0:39,1,10,0,4529,Turnover
2016_15_NE_DEN,24,NE 42,88,54,0:14,1,10,0,4103,Turnover
2016_15_PHI_BAL,23,BAL 4,43,46,0:04,1,10,1,4145,Touchdown
2016_16_BAL_PIT,21,BAL 4,62,48,0:09,1,10,1,3977,Touchdown
2016_16_MIN_GB,26,GB 39,32,53,0:00,1,10,0,4217,End of half
2016_16_NYG_PHI,23,PHI 34,32,45,0:05,1,10,0,4312,Turnover
2016_17_DAL_PHI,23,DAL 46,23,54,0:00,1,10,0,3985,End of half
2016_17_JAX_IND,25,JAX 1,57,48,0:09,1,10,1,4369,Touchdown
2016_17_NYG_WAS,23,NYG 43,97,54,1:12,1,10,0,3750,Turnover
2016_19_GB_DAL,18,GB 33,67,51,0:35,1,10,1,3951,Field goal
2017_01_ATL_CHI,18,ATL 5,75,49,0:03,1,10,0,3984,Turnover on downs
2017_01_LAC_DEN,22,DEN 26,21,51,0:01,1,10,0,3801,Missed field goal
2017_01_NYG_DAL,19,DAL 35,25,49,0:00,1,10,0,3935,End of half
2017_01_OAK_TEN,18,LV 34,21,47,0:07,1,10,0,3863,Missed field goal
2017_01_PHI_WAS,21,PHI 42,52,50,0:25,1,10,0,4082,Turnover on downs
2017_02_BUF_CAR,19,CAR 33,93,50,0:09,1,10,0,3630,Turnover on downs
2017_02_MIA_LAC,18,MIA 26,50,50,0:05,1,10,0,3874,Missed field goal
2017_03_ATL_DET,23,ATL 1,108,45,0:00,1,10,0,4413,End of half
2017_03_HOU_NE,25,HOU 46,3,54,0:00,1,10,0,4326,Turnover
2017_03_KC_LAC,21,KC 4,65,48,0:00,1,10,0,4066,End of half
2017_04_LA_DAL,21,LA 48,49,48,0:27,1,10,0,4341,Turnover on downs
2017_04_NYG_TB,24,NYG 16,120,48,0:00,1,10,1,4280,Field goal
2017_04_SF_ARI,27,SF 19,115,53,0:32,1,10,1,5531,Touchdown
2017_05_GB_DAL,15,DAL 12,47,47,0:11,1,10,1,3918,Touchdown
2017_05_LAC_NYG,27,LAC 48,87,48,0:40,1,10,0,4557,Turnover
2017_05_NE_TB,23,NE 19,44,51,0:00,1,10,0,4604,End of half
2017_06_LA_JAX,26,LA 36,74,50,1:07,1,10,0,4120,Missed field goal
2017_07_BAL_MIN,21,MIN 13,120,55,0:00,1,10,1,4074,Touchdown
2017_09_IND_HOU,23,IND 7,115,53,0:00,1,10,0,4202,Turnover
2017_09_OAK_MIA,21,LV 15,106,53,1:32,1,10,1,4010,Touchdown
2017_10_LAC_JAX,29,LAC 16,58,52,0:03,1,10,1,4366,Field goal
2017_10_NYJ_TB,23,TB 38,70,54,0:28,1,10,1,4084,Touchdown
2017_10_SEA_ARI,25,SEA 1,99,48,0:20,1,10,1,4589,Touchdown
2017_11_ATL_SEA,20,ATL 34,46,49,0:02,1,10,0,4601,Missed field goal
2017_11_WAS_NO,19,WAS 18,81,47,1:05,1,10,1,4325,Touchdown
2017_12_BUF_KC,25,BUF 36,106,54,1:10,1,10,0,3993,Turnover
2017_12_CLE_CIN,17,CIN 42,120,48,1:36,1,10,0,3927,Turnover on downs
2017_12_TB_ATL,18,ATL 35,63,48,0:00,1,10,0,4021,End of half
2017_13_HOU_TEN,20,TEN 48,3,48,0:00,1,10,0,4457,End of half
2017_13_LA_ARI,23,LA 42,62,53,0:00,1,10,0,4181,End of half
2017_13_PHI_SEA,20,SEA 31,37,55,0:00,1,10,0,4214,End of half
2017_14_SF_HOU,24,SF 34,120,49,1:29,1,10,0,4404,Missed field goal
2017_15_ARI_WAS,24,WAS 21,119,52,0:16,1,10,0,4289,Turnover on downs
2017_15_ATL_TB,19,ATL 36,26,47,0:00,1,10,0,3997,Missed field goal
2017_15_CHI_DET,20,DET 25,59,46,0:28,1,10,0,4049,Turnover
2017_15_NE_PIT,17,PIT 8,115,51,0:56,1,10,1,3578,Touchdown
2017_16_ATL_NO,25,NO 46,18,53,0:00,1,10,0,4330,End of half
2017_16_JAX_SF,24,SF 45,23,54,0:00,1,10,0,5160,End of half
2017_16_MIA_KC,21,MIA 47,86,53,1:05,1,10,0,4257,Turnover on downs
2017_16_SEA_DAL,21,SEA 30,120,46,1:00,1,10,0,4060,Missed field goal
2017_17_BUF_MIA,20,BUF 48,65,49,0:49,1,10,0,4293,Turnover
2017_17_CAR_ATL,24,ATL 19,118,53,0:08,1,10,0,4213,Turnover
2017_17_CIN_BAL,28,BAL 49,73,47,0:44,1,10,1,4797,Touchdown
2017_17_NO_TB,19,NO 39,37,49,0:09,1,10,1,4089,Touchdown
2017_18_ATL_LA,23,ATL 45,102,49,1:08,1,10,0,4524,Turnover on downs
2017_18_BUF_JAX,23,JAX 48,67,52,0:26,1,10,0,4048,Turnover
2017_18_CAR_NO,21,NO 34,89,50,0:06,1,10,0,4227,Turnover on downs
2017_19_JAX_PIT,23,JAX 4,58,47,0:01,1,10,1,4271,Touchdown
2017_19_NO_MIN,23,MIN 25,55,46,0:25,1,10,1,4338,Field goal
2017_21_PHI_NE,21,NE 49,13,51,0:00,1,10,0,4441,End of half
2018_01_CHI_GB,21,CHI 46,78,54,0:58,1,10,0,3871,Turnover
2018_01_TEN_MIA,26,MIA 35,32,50,0:11,1,10,1,4143,Field goal
2018_02_BAL_CIN,26,CIN 23,96,48,0:00,1,10,0,5129,End of half
2018_02_CLE_NO,23,NO 34,14,50,0:03,1,10,0,4131,Missed field goal
2018_02_HOU_TEN,20,HOU 48,18,52,0:00,1,10,0,3908,End of half
2018_02_IND_WAS,22,IND 34,118,54,0:18,1,10,0,4223,Turnover on downs
2018_02_MIN_GB,21,GB 22,86,48,0:31,1,10,1,3945,Touchdown
2018_02_NYG_DAL,19,DAL 20,85,53,0:11,1,10,1,3712,Field goal
2018_02_OAK_DEN,19,LV 18,58,55,0:06,1,10,1,4030,Field goal
2018_03_CHI_ARI,22,ARI 46,5,54,0:00,1,10,0,4061,End of half
2018_03_CIN_CAR,22,CAR 40,21,48,0:00,1,10,0,3884,Turnover
2018_03_IND_PHI,22,IND 46,5,54,0:00,1,10,0,4398,End of half
2018_04_CLE_OAK,33,CLE 7,88,53,0:30,1,10,1,4786,Touchdown
2018_04_MIN_LA,22,MIN 48,89,52,1:18,1,10,0,4194,Turnover
2018_05_JAX_KC,22,KC 14,23,49,0:04,1,10,0,4683,Turnover
2018_05_MIA_CIN,19,MIA 35,120,53,1:35,1,10,0,3748,Turnover
2018_05_MIA_CIN,21,CIN 42,32,55,0:00,1,10,0,4058,End of half
2018_05_NYG_CAR,22,CAR 15,99,55,1:08,1,10,1,4057,Touchdown
2018_05_NYG_CAR,23,NYG 45,40,55,0:01,1,10,1,4262,Field goal
2018_05_NYG_CAR,23,NYG 45,12,45,0:01,1,10,1,4262,Field goal
2018_06_CAR_WAS,20,WAS 16,120,48,0:34,1,10,0,3992,Turnover on downs
2018_06_PIT_CIN,19,CIN 31,22,54,0:10,1,10,1,4125,Touchdown
2018_07_DAL_WAS,21,WAS 34,52,46,0:00,1,10,0,4000,Missed field goal
2018_07_DET_MIA,17,DET 28,86,48,0:48,1,10,0,3533,Missed field goal
2018_07_NE_CHI,26,CHI 45,2,55,0:00,1,10,0,4779,End of half
2018_08_NO_MIN,18,NO 46,7,46,0:00,1,10,0,3834,End of half
2018_08_NYJ_CHI,21,NYJ 47,20,53,0:00,1,10,0,4014,End of half
2018_08_SF_ARI,23,ARI 45,10,45,0:00,1,10,0,4329,End of half
2018_09_NYJ_MIA,25,NYJ 47,56,53,0:33,1,10,0,3753,Turnover
2018_10_ARI_KC,21,KC 46,49,50,0:17,1,10,0,4046,Turnover
2018_10_DAL_PHI,21,DAL 32,28,55,0:00,1,10,0,4030,End of half
2018_10_NYG_SF,22,NYG 21,19,47,0:00,1,10,0,4414,End of half
2018_10_SEA_LA,20,LA 35,56,46,0:18,1,10,0,4317,Turnover on downs
2018_11_DEN_LAC,20,LAC 16,65,49,0:00,1,10,1,4332,Field goal
2018_11_HOU_WAS,22,HOU 45,21,45,0:03,1,10,0,4378,Missed field goal
2018_11_KC_LA,27,LA 48,88,48,1:18,1,10,0,5287,Turnover
2018_12_CLE_CIN,20,CIN 45,107,50,1:13,1,10,0,4320,Turnover on downs
2018_13_ARI_GB,22,ARI 31,30,51,0:00,1,10,0,4389,Missed field goal
2018_13_CAR_TB,23,CAR 49,0,51,0:00,1,10,0,4089,End of half
2018_13_CHI_NYG,26,NYG 1,73,53,0:00,1,10,1,4781,Touchdown
2018_13_LA_DET,24,LA 14,90,48,0:12,1,10,0,4687,Turnover
2018_13_NYJ_TEN,26,NYJ 45,29,55,0:20,1,10,0,4340,Turnover
2018_14_NO_TB,22,NO 36,26,47,0:01,1,10,0,4339,Turnover
2018_14_NYJ_BUF,20,BUF 1,120,48,1:17,1,10,1,4567,Touchdown
2018_14_PIT_OAK,19,PIT 6,119,46,0:21,1,10,1,4182,Touchdown
2018_15_CLE_DEN,21,50,52,50,0:39,1,10,0,4436,Turnover on downs
2018_15_PHI_LA,24,PHI 18,51,45,0:00,1,10,0,4760,End of half
2018_16_CHI_SF,17,CHI 45,100,51,1:05,1,10,0,3977,Turnover on downs
2018_16_HOU_PHI,23,HOU 17,98,55,0:00,1,10,1,4815,Field goal
2018_16_PIT_NO,21,NO 42,46,47,0:32,1,10,0,4691,Turnover
2018_17_CLE_BAL,23,BAL 39,100,55,1:02,1,10,0,4376,Turnover
2018_17_DAL_NYG,22,NYG 48,65,52,0:46,1,10,0,4627,Turnover on downs
2018_18_LAC_BAL,26,BAL 47,29,53,0:19,1,10,0,4477,Turnover
2018_20_NE_KC,20,KC 4,90,45,0:39,1,10,1,4278,Touchdown
2018_20_NE_KC,21,NE 21,23,48,0:08,1,10,1,4442,Field goal
2018_21_NE_LA,24,NE 30,25,51,0:05,1,10,0,4264,Missed field goal
2019_01_HOU_NO,19,HOU 40,7,49,0:00,1,10,1,4428,Field goal
2019_01_SF_TB,20,SF 37,107,54,0:51,1,10,0,4113,Turnover on downs
2019_02_CHI_DEN,19,DEN 35,24,55,0:00,1,10,1,4382,Field goal
2019_02_IND_TEN,22,IND 45,31,53,0:11,1,10,0,3958,Turnover on downs
2019_02_JAX_HOU,20,HOU 4,71,45,0:30,1,10,1,3915,Touchdown
2019_03_CHI_WAS,20,CHI 32,49,51,0:00,1,10,0,4411,End of half
2019_03_CIN_BUF,25,BUF 28,48,46,0:12,1,10,0,4703,Turnover
2019_03_DEN_GB,22,DEN 47,21,53,0:00,1,10,0,3931,End of half
2019_03_DET_PHI,23,PHI 45,100,50,0:41,1,10,0,4109,Turnover on downs
2019_03_NO_SEA,22,NO 4,75,55,0:00,1,10,1,4518,Touchdown
2019_03_NO_SEA,22,NO 4,69,45,0:00,1,10,1,4518,Touchdown
2019_03_NYG_TB,25,NYG 16,34,53,0:00,1,10,0,4436,Missed field goal
2019_03_TEN_JAX,23,JAX 37,51,52,0:00,1,10,0,4140,End of half
2019_04_CAR_HOU,23,CAR 47,7,51,0:00,1,10,0,4169,End of half
2019_04_DAL_NO,18,DAL 48,3,52,0:00,1,10,0,4169,Turnover
2019_04_KC_DET,23,DET 1,92,51,0:20,1,10,1,4764,Touchdown
2019_04_KC_DET,24,KC 44,13,50,0:00,1,10,0,4909,End of half
2019_04_OAK_IND,22,LV 48,93,52,1:10,1,10,1,4444,Touchdown
2019_04_TB_LA,23,TB 46,120,50,1:06,1,10,0,5057,Opp touchdown
2019_04_TB_LA,24,LA 48,10,52,0:00,1,10,0,5344,End of half
2019_05_ATL_HOU,21,HOU 35,71,54,0:24,1,10,0,4618,Opp touchdown
2019_05_CHI_OAK,20,LV 47,90,47,1:14,1,10,0,4030,Turnover
2019_05_JAX_CAR,26,CAR 24,52,45,0:00,1,10,0,4659,End of half
2019_05_TB_NO,21,NO 26,39,47,0:13,1,10,1,4130,Touchdown
2019_06_CAR_TB,32,CAR 20,46,46,0:16,1,10,0,4655,Turnover
2019_06_DAL_NYJ,19,NYJ 4,112,48,0:43,1,10,1,4178,Touchdown
2019_06_WAS_MIA,24,WAS 11,93,45,0:06,1,10,1,4194,Touchdown
2019_07_HOU_IND,22,HOU 48,37,52,0:26,1,10,0,4473,Turnover
2019_08_DEN_IND,22,DEN 33,99,54,0:22,1,10,1,4343,Field goal
2019_09_DAL_NYG,22,DAL 24,119,47,0:06,1,10,0,4455,Opp touchdown
2019_09_GB_LAC,16,LAC 41,96,46,1:06,1,10,0,3693,Turnover on downs
2019_09_NYJ_MIA,22,MIA 11,51,45,0:15,1,10,1,4363,Field goal
2019_09_TEN_CAR,23,CAR 26,74,51,0:47,1,10,0,4490,Missed field goal
2019_10_ARI_TB,25,ARI 38,25,52,0:00,1,10,0,4779,End of half
2019_10_BUF_CLE,20,CLE 35,69,52,0:17,1,10,0,4405,Missed field goal
2019_10_DET_CHI,25,CHI 25,61,55,0:00,1,10,0,4854,Turnover on downs
2019_10_LA_PIT,29,LA 42,30,53,0:20,1,10,0,5077,Turnover
2019_10_MIN_DAL,18,MIN 45,17,54,0:00,1,10,0,4332,Turnover
2019_10_SEA_SF,25,SEA 29,49,48,0:01,1,10,1,4387,Field goal
2019_11_ARI_SF,19,ARI 25,104,47,0:31,1,10,1,4634,Touchdown
2019_11_NE_PHI,24,NE 26,120,45,0:58,1,10,0,4232,Turnover on downs
2019_12_SEA_PHI,25,SEA 2,55,47,0:20,1,10,1,4228,Touchdown
2019_13_CHI_DET,20,CHI 39,64,54,0:29,1,10,0,4488,Turnover
2019_13_NO_ATL,24,NO 44,114,53,0:38,1,10,0,4392,Turnover on downs
2019_13_NO_ATL,24,NO 44,79,46,0:38,1,10,0,4392,Turnover on downs
2019_13_PHI_MIA,22,MIA 49,2,49,0:00,1,10,0,4494,Turnover
2019_13_WAS_CAR,25,WAS 3,111,52,0:14,1,10,0,4418,Turnover
2019_14_CIN_CLE,18,CLE 28,35,45,0:12,1,10,1,4340,Field goal
2019_14_DAL_CHI,23,CHI 13,27,48,0:08,1,10,1,4749,Field goal
2019_14_SEA_LA,20,SEA 49,120,53,1:25,1,10,0,4072,Turnover
2019_14_SF_NO,23,SF 18,94,54,0:53,1,10,1,4501,Touchdown
2019_14_WAS_GB,20,GB 13,120,49,1:17,1,10,1,3754,Touchdown
2019_15_JAX_OAK,18,LV 4,61,49,0:31,1,10,1,3844,Touchdown
2019_15_JAX_OAK,19,JAX 40,13,50,0:00,1,10,0,4024,End of half
2019_15_PHI_WAS,20,PHI 42,13,52,0:00,1,10,0,4264,Opp touchdown
2019_16_CIN_MIA,25,MIA 25,28,54,0:00,1,10,1,4903,Touchdown
2019_16_PIT_NYJ,24,NYJ 44,64,47,0:39,1,10,0,3966,Turnover on downs
2019_17_ARI_LA,24,ARI 46,4,54,0:00,1,10,0,4653,Turnover
2019_17_OAK_DEN,23,DEN 3,101,53,0:07,1,10,1,4356,Touchdown
2019_17_SF_SEA,16,SF 5,106,47,0:09,1,10,0,3999,Turnover on downs
2019_18_BUF_HOU,20,HOU 29,64,53,0:05,1,10,1,4113,Field goal
2019_21_SF_KC,17,KC 49,109,49,1:25,1,10,0,3796,Turnover on downs
